route_id,service_id,trip_id,trip_headsign,direction_id
1012-10,USD,1012-10-0,Jd. Monte Belo,0
1012-10,USD,1012-10-1,Term. Jd. Britania,1
1015-10,USD,1015-10-0,Chác. Maria Trindade,0
1016-10,USD,1016-10-0,Shop. Center Norte,0
1016-10,USD,1016-10-1,Cem. Do Horto,1
1017-10,USD,1017-10-0,Conexão Vl. Iório,0
1017-10,USD,1017-10-1,Perus,1
1018-10,USD,1018-10-0,Metrô Santana,0
1018-10,USD,1018-10-1,Vl. Rosa,1
1019-10,USD,1019-10-0,Term. Pirituba,0
1019-10,USD,1019-10-1,Sol Nascente,1
1020-10,USD,1020-10-0,Conexão Vl. Iório ,0
1020-10,USD,1020-10-1,Perus,1
1021-10,US_,1021-10-0,Term. Pirituba,0
1021-10,US_,1021-10-1,Cohab Brasilândia,1
1023-10,USD,1023-10-0,Cptm Pirituba,0
1024-10,USD,1024-10-0,Conexão Petrônio Portela,0
1024-10,USD,1024-10-1,Jd. Carombé,1
1025-10,USD,1025-10-0,Conexão Petrônio Portela,0
1025-10,USD,1025-10-1,Jd. Carombé,1
1026-10,USD,1026-10-0,Conexão Petrônio Portela,0
1026-10,USD,1026-10-1,Vl. Iara,1
1034-10,USD,1034-10-0,Conexão Vl. Iório,0
1034-10,USD,1034-10-1,Vl. Iara,1
1036-10,USD,1036-10-0,Conexão Vl. Iório,0
1036-10,USD,1036-10-1,Cohab Brasilândia,1
106A-10,USD,106A-10-0,Itaim Bibi,0
106A-10,USD,106A-10-1,Metrô Santana,1
107T-10,USD,107T-10-0,Term. Pinheiros,0
107T-10,USD,107T-10-1,Metrô Tucuruvi,1
1156-10,USD,1156-10-0,Pça. Do Correio,0
1156-10,USD,1156-10-1,Vl. Sabrina,1
1177-10,USD,1177-10-0,Luz,0
1177-10,USD,1177-10-1,Term. A. E. Carvalho,1
1177-31,U__,1177-31-0,Luz,0
1177-31,U__,1177-31-1,Term. A. E. Carvalho,1
1178-10,USD,1178-10-0,Pça. Do Correio,0
1178-10,USD,1178-10-1,São Miguel,1
1178-31,U__,1178-31-0,Pça. Do Correio,0
1178-31,U__,1178-31-1,São Miguel,1
1178-32,U__,1178-32-0,Pça. Do Correio,0
1178-33,U__,1178-33-0,São Miguel,0
1178-42,U__,1178-42-0,Pça. Do Correio,0
118C-10,USD,118C-10-0,Term. Amaral Gurgel,0
118C-10,USD,118C-10-1,Jd. Pery Alto,1
118Y-10,USD,118Y-10-0,Lapa,0
118Y-10,USD,118Y-10-1,Lauzane Paulista,1
119C-10,USD,119C-10-0,Term. Princ. Isabel,0
119C-10,USD,119C-10-1,Pq. Edu Chaves,1
119L-10,US_,119L-10-0,Term. Lapa,0
119L-10,US_,119L-10-1,Vl. Sulina,1
1206-10,USD,1206-10-0,Correio,0
121G-10,USD,121G-10-0,Metrô Tucuruvi,0
128Y-10,USD,128Y-10-0,Lapa,0
128Y-10,USD,128Y-10-1,Jd. Pery Alto,1
129F-10,USD,129F-10-0,Metrô Barra Funda,0
129F-10,USD,129F-10-1,Conexão Petrônio Portela,1
129F-41,U__,129F-41-0,Pça. Do Correio,0
129F-41,U__,129F-41-1,Conexão Petrônio Portela,1
139A-10,USD,139A-10-0,Lapa,0
139A-10,USD,139A-10-1,Vl. Iório,1
148L-10,USD,148L-10-0,Lapa,0
148L-10,USD,148L-10-1,Cohab Antártica,1
148P-10,USD,148P-10-0,Metrô Barra Funda,0
148P-10,USD,148P-10-1,Pedra Branca,1
1701-10,USD,1701-10-0,Metrô Santana,0
1701-21,USD,1701-21-0,Metrô Tucuruvi,0
1701-21,USD,1701-21-1,Jova Rural,1
1701-22,U__,1701-22-0,Metrô Tucuruvi,0
1701-22,U__,1701-22-1,Jova Rural,1
1702-10,USD,1702-10-0,Tietê,0
1702-10,USD,1702-10-1,Jova Rural,1
1703-10,USD,1703-10-0,Shop. Center Norte,0
1703-10,USD,1703-10-1,Jd. Fontális,1
1705-10,USD,1705-10-0,Metrô Tucuruvi,0
1705-10,USD,1705-10-1,Jd. São João,1
1705-51,U__,1705-51-0,Metrô Tucuruvi,0
1705-51,U__,1705-51-1,Cem. Pq. Da Cantareira,1
1709-10,USD,1709-10-0,Metrô Tucuruvi,0
1709-10,USD,1709-10-1,Jd. Joana D'arc,1
1709-21,U__,1709-21-0,Metrô Tucuruvi,0
1720-10,USD,1720-10-0,Cantareira,0
1720-10,USD,1720-10-1,Jd. Guancã,1
1720-21,USD,1720-21-0,Metrô Tucuruvi,0
1721-10,USD,1721-10-0,Metrô Carandiru,0
1722-10,USD,1722-10-0,Metrô Tucuruvi,0
1722-10,USD,1722-10-1,Jd. Marina,1
1726-10,USD,1726-10-0,Metrô Santana,0
1726-10,USD,1726-10-1,Cem. Pq. Dos Pinheiros,1
172J-10,USD,172J-10-0,Tatuapé,0
172J-10,USD,172J-10-1,Jd. Brasil,1
172K-10,USD,172K-10-0,Metrô Tatuapé,0
172K-10,USD,172K-10-1,Jd. Tremembé,1
172N-10,USD,172N-10-0,Metrô Belém,0
172N-10,USD,172N-10-1,Shop. Center Norte,1
172P-10,USD,172P-10-0,Metrô Belém,0
172P-10,USD,172P-10-1,Vl. Zilda,1
172R-10,USD,172R-10-0,Metrô Belém,0
172R-10,USD,172R-10-1,Jaçanã,1
172U-10,USD,172U-10-0,Mooca,0
172U-10,USD,172U-10-1,Cem. Pq. Dos Pinheiros,1
172X-10,USD,172X-10-0,Metrô Tatuapé,0
172X-10,USD,172X-10-1,Pq. Novo Mundo,1
172Y-10,USD,172Y-10-0,Metrô Belém,0
172Y-10,USD,172Y-10-1,Vl. Constança,1
1730-10,USD,1730-10-0,Metrô Santana,0
1730-10,USD,1730-10-1,Center Norte,1
1732-10,USD,1732-10-0,Term. Amaral Gurgel,0
1732-10,USD,1732-10-1,Vl. Sabrina,1
1738-10,USD,1738-10-0,Metrô Santana,0
1738-10,USD,1738-10-1,Vl. Constança,1
1741-10,USD,1741-10-0,Metrô Santana,0
1741-10,USD,1741-10-1,Vl. Dionisia,1
1742-10,USD,1742-10-0,Metrô Santana,0
1742-10,USD,1742-10-1,Jd. Antártica,1
1743-10,USD,1743-10-0,Shop. D,0
1743-10,USD,1743-10-1,Jd. Pery Alto,1
1744-10,USD,1744-10-0,Metrô Santana,0
1744-10,USD,1744-10-1,Lauzane Paulista,1
1745-10,USD,1745-10-0,Shop. Center Norte,0
1745-10,USD,1745-10-1,Vl.nova Cachoeirinha,1
174M-10,USD,174M-10-0,Museu Do Ipiranga,0
174M-10,USD,174M-10-1,Vl. Sabrina,1
1756-10,USD,1756-10-0,Metrô Santana,0
1756-10,USD,1756-10-1,Pedra Branca,1
1757-10,US_,1757-10-0,Metrô Santana ,0
1758-10,USD,1758-10-0,Metrô Santana,0
1758-10,USD,1758-10-1,Jd. Antártica,1
1759-10,USD,1759-10-0,Metrô Santana,0
1759-10,USD,1759-10-1,Jd. Pery,1
175P-10,USD,175P-10-0,Ana Rosa,0
175P-10,USD,175P-10-1,Metrô Santana,1
175T-10,USD,175T-10-0,Metrô Jabaquara,0
175T-10,USD,175T-10-1,Metrô Santana,1
1760-10,USD,1760-10-0,Shop. Center Norte,0
1760-10,USD,1760-10-1,Cohab Antártica,1
1764-10,USD,1764-10-0,Metrô Santana,0
1764-10,USD,1764-10-1,Jd. Corisco,1
1765-10,USD,1765-10-0,Metrô Tucuruvi,0
1765-10,USD,1765-10-1,Jd. Cabuçu,1
1767-10,USD,1767-10-0,Metrô Tucuruvi,0
1767-10,USD,1767-10-1,Pq. Edu Chaves,1
1771-10,US_,1771-10-0,Metrô Santana,0
1771-10,US_,1771-10-1,Jd. Fontális,1
1772-10,USD,1772-10-0,Metrô Tucuruvi,0
1772-10,USD,1772-10-1,Jd. Filhos Da Terra,1
1773-10,USD,1773-10-0,Mandaqui,0
1773-10,USD,1773-10-1,Cem. Pq. Dos Pinheiros,1
1775-10,USD,1775-10-0,Shop. Center Norte,0
1775-10,USD,1775-10-1,Vl. Albertina,1
1778-10,USD,1778-10-0,Metrô Santana,0
177H-21,USD,177H-21-0,Pinheiros,0
177H-21,USD,177H-21-1,Metrô Santana,1
177Y-10,USD,177Y-10-0,Pinheiros,0
177Y-10,USD,177Y-10-1,Metrô Barra Funda,1
1780-10,USD,1780-10-0,Metrô Parada Inglesa,0
1780-10,USD,1780-10-1,Jd. Hebron,1
1782-10,USD,1782-10-0,Metrô Santana,0
1783-10,USD,1783-10-0,Metrô Santana,0
1783-10,USD,1783-10-1,Cachoeira,1
1783-22,U__,1783-22-0,Metrô Santana,0
1785-10,USD,1785-10-0,Metrô Santana,0
1785-10,USD,1785-10-1,Vl. Aurora,1
1786-10,USD,1786-10-0,Metrô Santana,0
1786-10,USD,1786-10-1,Vl. Albertina,1
1787-10,USD,1787-10-0,Metrô Santana,0
1787-10,USD,1787-10-1,Vl. Marieta,1
1788-10,USD,1788-10-0,Metrô Santana,0
1788-10,USD,1788-10-1,Jd. Fontális,1
1788-51,U__,1788-51-0,Metrô Santana,0
1788-51,U__,1788-51-1,Jd. Campo Limpo,1
178A-10,USD,178A-10-0,Lapa,0
178A-10,USD,178A-10-1,Metrô Santana,1
178L-10,USD,178L-10-0,Hosp. Das Clínicas,0
178L-10,USD,178L-10-1,Lauzane Paulista,1
178T-10,USD,178T-10-0,Ceasa,0
178T-10,USD,178T-10-1,Metrô Santana,1
178Y-10,USD,178Y-10-0,Metrô Jd. São Paulo,0
178Y-10,USD,178Y-10-1,Vl. Amélia,1
178Y-21,U__,178Y-21-0,Metrô Jd. São Paulo,0
178Y-21,U__,178Y-21-1,Conj. Dos Bancários,1
179X-10,USD,179X-10-0,Metrô Barra Funda,0
179X-10,USD,179X-10-1,Jd. Fontális,1
1896-10,USD,1896-10-0,Pça. Ramos De Azevedo,0
1896-10,USD,1896-10-1,Jaraguá,1
189L-10,USD,189L-10-0,Lapa,0
189L-10,USD,189L-10-1,Conexão Vl. Iório,1
199D-10,USD,199D-10-0,Term. Pinheiros,0
199D-10,USD,199D-10-1,Conexão Vl. Iório,1
2002-10,USD,2002-10-0,Term. Bandeira,0
2004-10,USD,2004-10-0,Cptm Guaianazes,0
2004-10,USD,2004-10-1,Jd. Nsa. Sra. Do Caminho,1
2005-10,USD,2005-10-0,São Miguel,0
2006-10,USD,2006-10-0,Cptm Itaim Paulista,0
2006-10,USD,2006-10-1,Cid. Kemel I,1
2007-10,USD,2007-10-0,Cptm Itaim Paulista,0
2007-10,USD,2007-10-1,Cid. Kemel Ii,1
2008-10,USD,2008-10-0,Cptm Itaim Paulista,0
2008-10,USD,2008-10-1,Jd. Nsa. Sra. Do Caminho,1
2009-10,USD,2009-10-0,Cptm Guaianazes,0
2009-10,USD,2009-10-1,Jd. Robru,1
2010-10,USD,2010-10-0,Shop. D,0
2010-10,USD,2010-10-1,Pq. Edu Chaves,1
2011-10,USD,2011-10-0,Metrô Santana,0
2011-10,USD,2011-10-1,Vl. Sabrina,1
2012-10,US_,2012-10-0,Metrô Tietê,0
2013-10,USD,2013-10-0,Cachoeirinha,0
2013-10,USD,2013-10-1,Cohab Antártica,1
2014-10,USD,2014-10-0,Metrô Barra Funda,0
2014-10,USD,2014-10-1,Jd. Pery Alto,1
2016-10,USD,2016-10-0,São Miguel,0
2016-10,USD,2016-10-1,Jd. Das Oliveiras,1
2017-10,USD,2017-10-0,São Miguel,0
2018-10,USD,2018-10-0,São Miguel,0
2019-10,USD,2019-10-0,Shop. Penha,0
2019-10,USD,2019-10-1,Pq. Paineiras,1
2020-10,USD,2020-10-0,Metrô Tucuruvi,0
2021-10,USD,2021-10-0,Cptm Guaianazes,0
2021-10,USD,2021-10-1,Jd. Bandeirantes,1
2023-10,USD,2023-10-0,Metrô Tucuruvi,0
2023-10,USD,2023-10-1,Cachoeira,1
2023-41,U__,2023-41-0,Metrô Tucuruvi,0
2023-41,U__,2023-41-1,Jd. Labitary,1
2024-10,USD,2024-10-0,Cachoeira,0
2025-10,USD,2025-10-0,Santana,0
2025-10,USD,2025-10-1,Vl. Nova Galvão,1
2026-10,USD,2026-10-0,Pq. Novo Mundo,0
2026-10,USD,2026-10-1,Jaçanã,1
2028-10,USD,2028-10-0,Metrô Tucuruvi,0
2028-10,USD,2028-10-1,Vl. Ayrosa,1
2029-10,USD,2029-10-0,Metrô Tucuruvi,0
2029-10,USD,2029-10-1,Jd. Fontális,1
2030-10,U__,2030-10-0,Metrô Santana,0
2031-10,USD,2031-10-0,Term. A. E. Carvalho,0
2031-10,USD,2031-10-1,Cid. Kemel Ii,1
2032-10,US_,2032-10-0,Metrô Carandiru,0
2033-10,USD,2033-10-0,Shop. D,0
2058-10,US_,2058-10-0,Cptm Guaianazes,0
2058-10,US_,2058-10-1,Term. São Miguel,1
2059-10,USD,2059-10-0,Cptm Guaianazes,0
2059-10,USD,2059-10-1,São Miguel,1
2060-10,USD,2060-10-0,Metrô Artur Alvim,0
2076-10,USD,2076-10-0,Term. Penha,0
2076-10,USD,2076-10-1,Jd. Das Oliveiras,1
2079-10,U__,2079-10-0,Cptm Itaim Paulista,0
2080-10,USD,2080-10-0,Term. Aricanduva,0
2080-10,USD,2080-10-1,Cid. Kemel,1
2088-10,USD,2088-10-0,Term. A. E. Carvalho,0
2088-10,USD,2088-10-1,Conj. Encosta Norte,1
208M-10,USD,208M-10-0,Term. Pinheiros,0
208M-10,USD,208M-10-1,Metrô Santana,1
208V-10,USD,208V-10-0,Term. Pq. D. Pedro Ii,0
208V-10,USD,208V-10-1,Term. A. E. Carvalho,1
209P-1,USD,209P-1-0,Term. Pinheiros,0
209P-1,USD,209P-1-1,Cachoeirinha,1
209P-10,USD,209P-10-0,Term. Pinheiros,0
209P-10,USD,209P-10-1,Cachoeirinha,1
2100-10,US_,2100-10-0,Pça. Da Sé,0
2100-10,US_,2100-10-1,Term. Vl. Carrão,1
2101-10,U__,2101-10-0,Pça. Da Sé,0
2101-41,U__,2101-41-0,Term. Vl. Prudente,0
2104-10,USD,2104-10-0,Term. Pq. D. Pedro Ii,0
2104-10,USD,2104-10-1,Metrô Santana,1
2105-10,USD,2105-10-0,Lgo. Da Concórdia,0
2105-10,USD,2105-10-1,Jd. Filhos Da Terra,1
211L-10,USD,211L-10-0,Lapa,0
211L-10,USD,211L-10-1,Mandaqui,1
211V-10,USD,211V-10-0,Penha,0
2123-10,US_,2123-10-0,Liberdade,0
2123-10,US_,2123-10-1,Vl. Medeiros,1
2127-10,USD,2127-10-0,Liberdade,0
2127-10,USD,2127-10-1,Pq. Edu Chaves,1
2.13E-08,U__,213E-10-0,Metrô Belém,0
2.13E-08,U__,213E-10-1,Pq. Edu Chaves,1
2161-10,USD,2161-10-0,Pça. Do Correio,0
2161-10,USD,2161-10-1,Pq. Edu Chaves,1
2175-10,US_,2175-10-0,Term. Pq. D. Pedro Ii,0
2175-10,US_,2175-10-1,Pq. Edu Chaves,1
2182-10,USD,2182-10-0,Pça. Do Correio,0
2182-10,USD,2182-10-1,Jd. Brasil,1
2201-10,USD,2201-10-0,Cptm Guaianazes,0
2201-10,USD,2201-10-1,Div. De Ferraz,1
2202-10,USD,2202-10-0,Cptm Guaianazes,0
2202-10,USD,2202-10-1,Jd. Das Oliveiras,1
2203-10,USD,2203-10-0,Shop. Penha,0
2203-10,USD,2203-10-1,Burgo Paulista,1
2290-10,USD,2290-10-0,Term. Pq. D. Pedro Ii,0
2290-10,USD,2290-10-1,Term. São Mateus,1
2290-21,U__,2290-21-0,Term. Pq. D. Pedro Ii,0
233A-10,USD,233A-10-0,Term. Vl. Carrão,0
233A-10,USD,233A-10-1,Jd. Helena,1
233C-10,USD,233C-10-0,Ceret,0
233C-10,USD,233C-10-1,Term. A. E. Carvalho,1
2363-10,USD,2363-10-0,Term. Pq. D. Pedro Ii,0
2363-10,USD,2363-10-1,Jd. Danfer,1
2435-10,US_,2435-10-0,Term. Aricanduva,0
2435-10,US_,2435-10-1,Jd. Coimbra,1
2451-10,USD,2451-10-0,Term. Aricanduva,0
2451-10,USD,2451-10-1,Vl. São Francisco,1
2522-10,USD,2522-10-0,Metrô Itaquera,0
2522-10,USD,2522-10-1,Jd. Sto. Antônio,1
2523-10,USD,2523-10-0,Term. A. E. Carvalho,0
2523-10,USD,2523-10-1,Vl. Progresso,1
253F-10,USD,253F-10-0,Term. São Mateus,0
253F-10,USD,253F-10-1,Term. A. E. Carvalho,1
2551-10,USD,2551-10-0,Term. Pq. D. Pedro Ii,0
2551-10,USD,2551-10-1,Term. A. E. Carvalho,1
2552-10,USD,2552-10-0,Term. Pq. D. Pedro Ii,0
2552-10,USD,2552-10-1,Vl. Mara,1
2552-41,U__,2552-41-0,Term. Pq. D. Pedro Ii,0
2552-41,U__,2552-41-1,Jd. São Martinho,1
2582-10,USD,2582-10-0,Term. Pq. D. Pedro Ii,0
2582-10,USD,2582-10-1,Vl. Nova Curuçá,1
2582-21,U__,2582-21-0,Term. Pq. D. Pedro Ii,0
2583-10,USD,2583-10-0,Term. Aricanduva,0
2583-10,USD,2583-10-1,Vl. Curuçá,1
2590-10,USD,2590-10-0,Pq. D. Pedro Ii,0
2590-10,USD,2590-10-1,União De Vl. Nova,1
2626-10,USD,2626-10-0,Term. Pq. D. Pedro Ii,0
2626-10,USD,2626-10-1,Jd. Nazaré,1
263C-10,USD,263C-10-0,Cohab Ii,0
263C-10,USD,263C-10-1,Jd. Helena,1
263J-10,USD,263J-10-0,Conj. José Bonifácio,0
263J-10,USD,263J-10-1,Penha,1
2666-10,USD,2666-10-0,Term. Pq. D. Pedro Ii,0
2666-10,USD,2666-10-1,Jd. Camargo Velho,1
2666-21,U__,2666-21-0,Term. Pq. D. Pedro Ii,0
2678-10,USD,2678-10-0,Term. Pq. D. Pedro Ii,0
2678-10,USD,2678-10-1,Oliveirinha,1
2678-41,U__,2678-41-0,Term. Pq. D. Pedro Ii,0
2702-10,USD,2702-10-0,Metrô Artur Alvim,0
2702-10,USD,2702-10-1,Vl. Americana,1
2702-21,U__,2702-21-0,Metrô Artur Alvim,0
2703-10,USD,2703-10-0,Metrô Itaquera,0
2703-10,USD,2703-10-1,Jd. Etelvina,1
2703-21,U__,2703-21-0,Metrô Itaquera,0
2703-22,U__,2703-22-0,Metrô Itaquera,0
2704-10,USD,2704-10-0,Metrô Itaquera,0
2704-10,USD,2704-10-1,Jd. Robru,1
2705-10,USD,2705-10-0,Metrô Itaquera,0
2705-10,USD,2705-10-1,Jd. Fanganielo,1
2707-10,USD,2707-10-0,Metrô Itaquera,0
2707-10,USD,2707-10-1,Chabilândia,1
2707-31,U__,2707-31-0,Metrô Itaquera,0
2708-10,USD,2708-10-0,Metrô Itaquera,0
2708-10,USD,2708-10-1,Jd. Lajeado,1
2709-10,USD,2709-10-0,Vl. União,0
2709-31,USD,2709-31-0,Vl. União,0
2710-10,USD,2710-10-0,Burgo Paulista,0
2710-31,U__,2710-31-0,Term. A. E. Carvalho,0
2711-10,USD,2711-10-0,Metrô Patriarca,0
2711-10,USD,2711-10-1,Ponte Rasa,1
2712-10,USD,2712-10-0,Shop. Metrô Itaquera,0
2713-10,USD,2713-10-0,Chác. Bela Vista,0
2714-10,USD,2714-10-0,Vl. Rui Barbosa,0
2715-10,USD,2715-10-0,Metrô Patriarca,0
2715-10,USD,2715-10-1,Vl. Sílvia,1
2716-10,USD,2716-10-0,Metrô Penha,0
2716-10,USD,2716-10-1,Chác. Cruz. Do Sul,1
2717-10,USD,2717-10-0,Cangaíba,0
2718-10,USD,2718-10-0,Metrô Penha,0
2718-10,USD,2718-10-1,Vl. Sílvia,1
2719-10,USD,2719-10-0,Metrô Vl. Matilde,0
2719-10,USD,2719-10-1,Ermelino Matarazzo,1
271A-10,USD,271A-10-0,Metrô Santana,0
271A-10,USD,271A-10-1,Term. Penha,1
271A-51,USD,271A-51-0,Metrô Santana,0
271A-51,USD,271A-51-1,Cangaíba,1
271C-10,USD,271C-10-0,Term. Princ. Isabel,0
271C-10,USD,271C-10-1,Pq. Vl. Maria,1
271F-10,USD,271F-10-0,Metrô Belém     ,0
271F-10,USD,271F-10-1,Center Norte,1
271M-10,USD,271M-10-0,Metrô Santana,0
271M-10,USD,271M-10-1,Pq. Novo Mundo,1
271P-10,USD,271P-10-0,Luz,0
271P-10,USD,271P-10-1,Cangaíba,1
2720-10,USD,2720-10-0,Metrô Guilhermina/esperança,0
2720-10,USD,2720-10-1,Jd. Belém,1
2720-31,US_,2720-31-0,Metrô Guilhermina/esperança,0
2720-31,US_,2720-31-1,Jd. Belém,1
2721-10,USD,2721-10-0,Metrô Itaquera,0
2721-10,USD,2721-10-1,Jd. Nazaré,1
2722-10,USD,2722-10-0,Metrô Guilhermina/esperança,0
2722-10,USD,2722-10-1,Jd. Veronia,1
2722-31,USD,2722-31-0,Jd. Verônia,0
2723-10,USD,2723-10-0,Metrô Itaquera,0
2723-10,USD,2723-10-1,União De Vl. Nova,1
2724-10,USD,2724-10-0,Conj. Araucária,0
2725-10,USD,2725-10-0,Jd. São Carlos,0
2726-10,USD,2726-10-0,Metrô Penha,0
2726-10,USD,2726-10-1,Limoeiro,1
2727-10,USD,2727-10-0,Conj. A. E. Carvalho,0
2728-10,USD,2728-10-0,Metrô Penha,0
2728-10,USD,2728-10-1,Jd. Do Castelo,1
272N-10,US_,272N-10-0,Pq. D. Pedro Ii,0
2730-10,USD,2730-10-0,Metrô Artur Alvim,0
2730-10,USD,2730-10-1,Vl. Jacui,1
2731-10,USD,2731-10-0,Metrô Itaquera,0
2731-10,USD,2731-10-1,Vl. Progresso,1
2732-10,USD,2732-10-0,Vl. Regina,0
2733-10,USD,2733-10-0,Metrô Itaquera,0
2733-10,USD,2733-10-1,Pq. Guarani,1
2734-10,USD,2734-10-0,Metrô Itaquera,0
2734-10,USD,2734-10-1,Jd. Campos,1
2735-10,USD,2735-10-0,Metrô Penha,0
2735-10,USD,2735-10-1,Jd. Keralux,1
2735-21,U__,2735-21-0,Metrô Penha,0
2735-21,U__,2735-21-1,Jd. São Francisco,1
273D-10,USD,273D-10-0,Metrô Artur Alvim,0
273D-10,USD,273D-10-1,Pq. D. João Nery,1
273F-10,U__,273F-10-0,Metrô Itaquera,0
273F-10,U__,273F-10-1,Vl. Mara,1
273G-10,USD,273G-10-0,Metrô Artur Alvim,0
273G-10,USD,273G-10-1,Jd. Helena,1
273G-21,U__,273G-21-0,Metrô Artur Alvim,0
273J-10,USD,273J-10-0,Metrô Penha,0
273J-10,USD,273J-10-1,Jd. Romano,1
273L-10,USD,273L-10-0,Metrô Artur Alvim,0
273L-10,USD,273L-10-1,Cptm José Bonifácio,1
273N-10,USD,273N-10-0,Metrô Vl. Matilde,0
273N-10,USD,273N-10-1,Cid. Kemel Ii,1
273N-41,U__,273N-41-0,Metrô Vl. Matilde,0
273R-10,USD,273R-10-0,Metrô Artur Alvim,0
273R-10,USD,273R-10-1,Jd. Robru,1
273R-42,U__,273R-42-0,Metrô Itaquera,0
273V-10,US_,273V-10-0,Metrô Penha,0
273V-10,US_,273V-10-1,Parada Xv De Novembro,1
273X-10,USD,273X-10-0,Metrô Artur Alvim,0
273X-10,USD,273X-10-1,Jd. Das Oliveiras,1
2740-10,USD,2740-10-0,Metrô Santana,0
274P-10,US_,274P-10-0,Metrô Vl. Mariana,0
274P-10,US_,274P-10-1,Penha,1
2755-10,USD,2755-10-0,Metrô Penha,0
2755-10,USD,2755-10-1,Guaianazes,1
2756-10,USD,2756-10-0,Metrô Patriarca,0
2756-10,USD,2756-10-1,Guaianazes,1
2762-10,USD,2762-10-0,Metrô Tatuapé,0
2762-10,USD,2762-10-1,Ermelino Matarazzo,1
2765-10,USD,2765-10-0,Metrô Tatuapé,0
2765-10,USD,2765-10-1,Vl. Cisper,1
2766-10,USD,2766-10-0,Metrô Itaquera,0
2766-10,USD,2766-10-1,Jd. Camargo Velho,1
2766-41,U__,2766-41-0,Metrô Itaquera,0
2767-10,USD,2767-10-0,Metrô Tatuapé,0
2767-10,USD,2767-10-1,Cid. Pedro José Nunes,1
2769-10,USD,2769-10-0,Metrô Tatuapé,0
2769-10,USD,2769-10-1,Jd. Romano,1
2770-10,US_,2770-10-0,Metrô Vl. Matilde,0
2770-10,US_,2770-10-1,Cptm José Bonifácio,1
2772-10,USD,2772-10-0,Metrô Penha,0
2772-10,USD,2772-10-1,Jd. Nazaré,1
2780-10,USD,2780-10-0,Metrô Itaquera,0
2780-10,USD,2780-10-1,Jd. Camargo Novo,1
278A-10,USD,278A-10-0,Penha  ,0
278A-10,USD,278A-10-1,Metrô Santana,1
297A-10,USD,297A-10-0,Metrô Barra Funda,0
297A-10,USD,297A-10-1,Vl. Santa Maria,1
3001-10,USD,3001-10-0,Term. São Miguel,0
3001-10,USD,3001-10-1,Itaim Paulista,1
3002-10,USD,3002-10-0,São Miguel,0
3002-10,USD,3002-10-1,Jd. Mabel,1
3003-10,USD,3003-10-0,Cptm Vl. Mara/itaim,0
3004-10,USD,3004-10-0,Cptm Vl. Mara/itaim,0
3006-10,USD,3006-10-0,Cptm Guaianazes,0
3006-10,USD,3006-10-1,Jd. Fanganielo,1
3008-10,USD,3008-10-0,Cptm Itaim Paulista,0
3008-10,USD,3008-10-1,Jd. Miriam,1
3009-10,US_,3009-10-0,Cptm Itaim Paulista,0
3009-10,US_,3009-10-1,Itaim Paulista,1
3010-10,USD,3010-10-0,Term. A. E. Carvalho,0
3010-10,USD,3010-10-1,Cem. Da Saudade,1
3013-10,USD,3013-10-0,Metalúrgicos,0
3015-10,U__,3015-10-0,Jd. Mabel,0
3019-10,USD,3019-10-0,Vl. Paulista I,0
3020-10,USD,3020-10-0,Shop. Aricanduva,0
3020-10,USD,3020-10-1,Cohab José Bonifácio ,1
3021-10,USD,3021-10-0,Term. Vl Prudente,0
3021-10,USD,3021-10-1,Pq. Bancário,1
3023-10,USD,3023-10-0,Pq. São Rafael,0
3023-10,USD,3023-10-1,Shop. Aricanduva,1
3024-10,US_,3024-10-0,Term. Vl Prudente,0
3024-10,US_,3024-10-1,Vl. Industrial,1
3025-10,USD,3025-10-0,Cptm Guaianazes,0
3025-10,USD,3025-10-1,Jd. Wilma Flor,1
3026-10,USD,3026-10-0,Cptm Guaianazes,0
3026-10,USD,3026-10-1,Vl. Iolanda Ii,1
3027-10,USD,3027-10-0,Shop. Aricanduva,0
3027-10,USD,3027-10-1,Cptm Guaianazes,1
3029-10,USD,3029-10-0,Metrô Tatuapé,0
3029-10,USD,3029-10-1,Jd. Das Rosas,1
3031-10,USD,3031-10-0,Metrô Itaquera,0
3031-10,USD,3031-10-1,Jd. Alto Paulistano,1
3032-10,USD,3032-10-0,Circular,0
3033-10,USD,3033-10-0,São Mateus,0
3033-10,USD,3033-10-1,Guaianazes,1
3046-10,USD,3046-10-0,Metrô Tatuapé,0
3046-10,USD,3046-10-1,Vl. Guarani,1
3051-10,USD,3051-10-0,Term. A. E. Carvalho,0
3051-10,USD,3051-10-1,Ermelino Matarazzo,1
3053-10,USD,3053-10-0,Metrô Belém,0
3053-10,USD,3053-10-1,Jd. Itápolis,1
3054-10,USD,3054-10-0,Hosp. Sapopemba,0
3054-10,USD,3054-10-1,Jd. Palanque,1
3063-10,USD,3063-10-0,Term. São Mateus,0
3063-10,USD,3063-10-1,Guaianazes,1
3063-41,U__,3063-41-0,Term. São Mateus,0
3063-41,U__,3063-41-1,Guaianazes,1
3064-10,USD,3064-10-0,Cptm Guaianazes,0
3064-10,USD,3064-10-1,Cid. Tiradentes,1
3064-41,U__,3064-41-0,Sta. Etelvina Ii B6,0
3069-10,USD,3069-10-0,Term. São Mateus,0
3069-10,USD,3069-10-1,Jd. Recanto Verde Sol,1
307C-10,USD,307C-10-0,Metrô Artur Alvim,0
307C-10,USD,307C-10-1,Conj. Encosta Norte,1
3098-10,USD,3098-10-0,Shop. Aricanduva,0
3098-10,USD,3098-10-1,Jd. São Francisco,1
3099-10,USD,3099-10-0,Jd. Da Conquista,0
3099-10,USD,3099-10-1,Hosp. São Mateus,1
3112-10,USD,3112-10-0,Metrô Belém,0
3112-10,USD,3112-10-1,Vl. Industrial,1
311C-10,USD,311C-10-0,Bom Retiro,0
311C-10,USD,311C-10-1,Pq. São Lucas,1
312N-10,USD,312N-10-0,São Miguel Paulista,0
312N-10,USD,312N-10-1,Term. Cid. Tiradentes,1
3134-10,USD,3134-10-0,Metrô Tamanduateí,0
3134-10,USD,3134-10-1,Shop. Aricanduva,1
3139-10,USD,3139-10-0,Pça. João Mendes,0
3139-10,USD,3139-10-1,Jd. Vl. Formosa,1
3141-10,USD,3141-10-0,Term. Pq. D. Pedro Ii,0
3141-10,USD,3141-10-1,São Mateus,1
314J-10,USD,314J-10-0,Pça. Almeida Jr.,0
314J-10,USD,314J-10-1,Pq. Sta. Madalena,1
314V-10,US_,314V-10-0,Pça. Almeida Jr.,0
314V-10,US_,314V-10-1,Vl. Ema,1
3160-10,USD,3160-10-0,Term. Pq. D. Pedro Ii,0
3160-10,USD,3160-10-1,Term. Vl. Prudente,1
3161-10,US_,3161-10-0,Term. Pq. D. Pedro Ii,0
3161-10,US_,3161-10-1,Jd. Colorado,1
3206-10,US_,3206-10-0,Conj. Chaparral,0
3301-10,USD,3301-10-0,Term. Pq. D. Pedro Ii,0
3301-10,USD,3301-10-1,Term. São Miguel,1
3390-10,USD,3390-10-0,Term. Pq. D. Pedro Ii,0
3390-10,USD,3390-10-1,São Mateus,1
3414-10,US_,3414-10-0,Term. Pq. D. Pedro Ii,0
3414-10,US_,3414-10-1,Vl. Dalila,1
342C-10,USD,342C-10-0,Penha,0
342C-10,USD,342C-10-1,Jd. Marília,1
342M-10,USD,342M-10-0,Term. Penha,0
342M-10,USD,342M-10-1,Term. São Mateus,1
342N-10,USD,342N-10-0,E.t. Itaquera,0
3459-10,USD,3459-10-0,Term. Pq. D. Pedro Ii,0
3459-10,USD,3459-10-1,Itaim Paulista,1
3459-21,U__,3459-21-0,Term. Pq. D. Pedro Ii,0
3459-23,U__,3459-23-0,Itaim Paulista,0
3459-24,U__,3459-24-0,Term. Pq. D. Pedro Ii,0
3462-10,USD,3462-10-0,Metrô Tatuapé,0
3462-10,USD,3462-10-1,Vl. Santana,1
3462-41,U__,3462-41-0,Metrô Tatuapé,0
351F-10,USD,351F-10-0,Term. Vl. Carrão,0
351F-10,USD,351F-10-1,Jaçanã,1
352A-10,USD,352A-10-0,Term. São Mateus,0
352A-10,USD,352A-10-1,Jd. Helena,1
3539-10,USD,3539-10-0,Metrô Bresser,0
3539-10,USD,3539-10-1,Cid. Tiradentes,1
354M-10,USD,354M-10-0,Term. São Mateus,0
354M-10,USD,354M-10-1,Term. São Miguel,1
364A-10,USD,364A-10-0,Shop. Aricanduva,0
364A-10,USD,364A-10-1,Hosp. Ipiranga,1
3686-10,US_,3686-10-0,Term. Pq. D. Pedro Ii,0
3686-10,US_,3686-10-1,Jd. São Paulo,1
3712-10,USD,3712-10-0,Metrô Itaquera,0
3712-10,USD,3712-10-1,Jd. São João,1
3712-51,USD,3712-51-0,Metrô Itaquera,0
3712-51,USD,3712-51-1,Vl. Cosmopolita,1
3718-10,USD,3718-10-0,Nova America,0
3721-10,USD,3721-10-0,Metrô Artur Alvim,0
3721-10,USD,3721-10-1,Shop. Aricanduva,1
3721-41,USD,3721-41-0,Metrô Itaquera,0
3721-41,USD,3721-41-1,Shop. Aricanduva,1
3722-10,US_,3722-10-0,Metrô Penha,0
3722-10,US_,3722-10-1,Cohab José Bonifácio,1
3725-10,USD,3725-10-0,Vl. Dalila,0
3725-41,USD,3725-41-0,Vl. Aricanduva,0
3728-10,USD,3728-10-0,Pq. Savoy City,0
3728-41,US_,3728-41-0,Pq. Nova Savoy,0
3729-10,USD,3729-10-0,Metrô Carrão,0
3729-10,USD,3729-10-1,Shop. Aricanduva,1
372F-10,US_,372F-10-0,Metrô Bresser,0
372F-10,US_,372F-10-1,Univ. São Judas Tadeu,1
372U-10,USD,372U-10-0,Metrô Tatuapé,0
372U-10,USD,372U-10-1,Vl. Sta. Isabel,1
3731-10,USD,3731-10-0,Metrô Vl. Matilde,0
3731-10,USD,3731-10-1,Shop. Aricanduva,1
3732-10,USD,3732-10-0,Metrô Itaquera,0
3732-10,USD,3732-10-1,Cptm José Bonifácio,1
3734-10,USD,3734-10-0,Metrô Artur Alvim,0
3734-10,USD,3734-10-1,Cid. Lider,1
3735-10,USD,3735-10-0,Jd. São João ,0
3735-21,U__,3735-21-0,Jd. São João ,0
3735-41,USD,3735-41-0,Jd. São José,0
3736-10,USD,3736-10-0,Metrô Artur Alvim,0
3736-10,USD,3736-10-1,Jd. Nsa. Sra. Do Carmo,1
3737-10,USD,3737-10-0,Metrô Guilhermina/esperança,0
3737-10,USD,3737-10-1,Shop. Aricanduva,1
3737-31,USD,3737-31-0,Circular,0
3738-10,USD,3738-10-0,Metrô Itaquera,0
3738-10,USD,3738-10-1,Cohab Juscelino,1
3739-10,USD,3739-10-0,Metrô Itaquera,0
3739-10,USD,3739-10-1,Recanto Verde Sol,1
373L-10,USD,373L-10-0,Metrô Itaquera,0
373L-10,USD,373L-10-1,Jd. Limoeiro,1
373M-10,USD,373M-10-0,Shop. Metrô Tatuapé,0
373M-10,USD,373M-10-1,Jd. Guairacá,1
373T-10,USD,373T-10-0,Metrô Bresser,0
373T-10,USD,373T-10-1,Jd. Itápolis,1
3741-10,USD,3741-10-0,Metrô Itaquera,0
3741-10,USD,3741-10-1,Cptm D. Bosco,1
3742-10,USD,3742-10-0,Metrô Itaquera,0
3742-10,USD,3742-10-1,Jd. Laranjeira,1
3743-10,USD,3743-10-0,Metrô Itaquera,0
3743-10,USD,3743-10-1,São Mateus,1
3745-10,USD,3745-10-0,Metrô Tatuapé,0
3745-10,USD,3745-10-1,Jd. Imperador,1
3746-10,USD,3746-10-0,Metrô Belém,0
3746-10,USD,3746-10-1,Jd. Imperador,1
3746-31,U__,3746-31-0,Metrô Belém,0
3746-31,U__,3746-31-1,Jd. Imperador,1
374M-10,USD,374M-10-0,Metrô Itaquera,0
374M-10,USD,374M-10-1,Cptm Ermelino Matarazzo,1
374V-10,USD,374V-10-0,Metrô Itaquera,0
374V-10,USD,374V-10-1,Jd. Santana,1
3751-10,USD,3751-10-0,Metrô Itaquera,0
3751-10,USD,3751-10-1,Cohab Prestes Maia,1
3754-10,USD,3754-10-0,Metrô Itaquera,0
3754-10,USD,3754-10-1,Inácio Monteiro,1
3756-10,USD,3756-10-0,Metrô Itaquera ,0
3756-10,USD,3756-10-1,Barro Branco,1
3761-10,USD,3761-10-0,Metrô Carrão,0
3761-10,USD,3761-10-1,3a. Divisão,1
3762-10,USD,3762-10-0,Metrô Tatuapé,0
3762-10,USD,3762-10-1,Jd. Iva,1
3763-10,USD,3763-10-0,Metrô Tatuapé,0
3763-10,USD,3763-10-1,Term. Vl. Carrão,1
3766-10,USD,3766-10-0,Metrô Itaquera,0
3766-10,USD,3766-10-1,Cohab Ii,1
3768-10,USD,3768-10-0,Cptm José Bonifácio,0
3768-10,USD,3768-10-1,Vl. Yolanda,1
3773-10,USD,3773-10-0,Metrô Carrão,0
3773-10,USD,3773-10-1,Res. Sta. Bárbara,1
3778-10,USD,3778-10-0,Metrô Carrão,0
3778-10,USD,3778-10-1,Jd. Sta. Terezinha,1
3785-10,USD,3785-10-0,Metrô Itaquera,0
3785-10,USD,3785-10-1,Cohab Barro Branco,1
3787-10,USD,3787-10-0,Metrô Itaquera,0
3787-10,USD,3787-10-1,Cid. Tiradentes,1
3789-10,USD,3789-10-0,Metrô Itaquera,0
3789-10,USD,3789-10-1,Cid. Tiradentes,1
3791-10,USD,3791-10-0,Metrô Artur Alvim,0
3791-10,USD,3791-10-1,Shop. Aricanduva,1
3795-10,USD,3795-10-0,Metrô Itaquera,0
3795-10,USD,3795-10-1,Jd. São Carlos,1
3796-10,USD,3796-10-0,Metrô Itaquera,0
3796-10,USD,3796-10-1,Gleba Do Pessego,1
3901-10,USD,3901-10-0,Metrô Penha,0
3901-10,USD,3901-10-1,Jd. Danfer,1
3902-10,USD,3902-10-0,Cptm Guaianazes,0
3902-10,USD,3902-10-1,Cptm Jd. Romano,1
3903-10,US_,3903-10-0,Penha,0
3903-10,US_,3903-10-1,Jd. Vl. Nova,1
3.9E-08,USD,390E-10-0,Term. Pq. D. Pedro Ii,0
3.9E-08,USD,390E-10-1,Term. Penha,1
4001-10,USD,4001-10-0,Term. Vl. Carrão,0
4001-10,USD,4001-10-1,Itaquera,1
4002-10,USD,4002-10-0,Term. Vl. Carrão,0
4002-10,USD,4002-10-1,Guaianazes,1
4003-10,US_,4003-10-0,E.t. Itaquera,0
4003-10,US_,4003-10-1,Inácio Monteiro,1
4004-10,USD,4004-10-0,Barro Branco,0
4005-10,USD,4005-10-0,Barro Branco,0
4006-10,USD,4006-10-0,Circular,0
4006-21,U__,4006-21-0,Circular,0
4007-10,USD,4007-10-0,Term. Vl. Carrão,0
4007-10,USD,4007-10-1,Cohab Juscelino,1
4008-10,USD,4008-10-0,Term. Vl. Carrão,0
4008-10,USD,4008-10-1,Jd. Cibele,1
4008-21,U__,4008-21-0,Circular,0
4010-10,US_,4010-10-0,Term. Vl. Carrão,0
4010-10,US_,4010-10-1,Jd. Nsa. Sra. Do Carmo,1
4011-10,USD,4011-10-0,Term. São Mateus,0
4011-10,USD,4011-10-1,Jd. Limoeiro,1
4012-10,USD,4012-10-0,Term. São Mateus,0
4012-10,USD,4012-10-1,Jd. Iguatemi,1
4013-10,USD,4013-10-0,Term. São Mateus,0
4013-10,USD,4013-10-1,Jd. Sto. André,1
4014-10,US_,4014-10-0,Term. Vl. Carrão,0
4014-10,US_,4014-10-1,Jd. Vl. Carrão,1
4015-10,USD,4015-10-0,Jd. Rodolfo Pirani,0
4016-10,USD,4016-10-0,Jd. Rodolfo Pirani,0
4017-10,USD,4017-10-0,Metalúrgicos,0
4017-10,USD,4017-10-1,Vl. Yolanda,1
4018-10,USD,4018-10-0,Term. São Mateus,0
4018-10,USD,4018-10-1,Metalúrgicos,1
4019-10,USD,4019-10-0,Circular,0
4020-10,USD,4020-10-0,Jd. Novo Horizonte,0
4021-10,USD,4021-10-0,Vl. Chuca,0
4024-10,USD,4024-10-0,E.t. Itaquera,0
4024-10,USD,4024-10-1,Cohab Fazenda Do Carmo,1
4025-10,USD,4025-10-0,Metrô Tatuapé,0
4025-10,USD,4025-10-1,Vl. Califórnia,1
4027-10,USD,4027-10-0,Jd. Sto. André,0
4027-10,USD,4027-10-1,Hosp. São Mateus,1
4027-41,USD,4027-41-0,São Mateus,0
4027-41,USD,4027-41-1,Morro Do Cruzeiro,1
4028-10,USD,4028-10-0,Div. De Mauá,0
4028-10,USD,4028-10-1,Hosp. São Mateus,1
4029-10,USD,4029-10-0,Term. Vl Prudente,0
4029-10,USD,4029-10-1,São Mateus,1
4030-10,USD,4030-10-0,Shop. Aricanduva,0
4030-10,USD,4030-10-1,Fazenda Da Juta,1
4031-10,USD,4031-10-0,Metrô Tamanduateí,0
4031-10,USD,4031-10-1,Pq. Sta. Madalena,1
4032-10,USD,4032-10-0,Objetivo Unip,0
4032-10,USD,4032-10-1,Vl. Das Mercês,1
4033-10,USD,4033-10-0,Nova Conquista,0
4033-10,USD,4033-10-1,Jd. Guairacá,1
4035-10,USD,4035-10-0,Metrô Itaquera,0
4035-10,USD,4035-10-1,Guaianazes,1
4036-10,USD,4036-10-0,Term. Vl. Carrão,0
4036-10,USD,4036-10-1,Metrô Itaquera,1
403A-10,USD,403A-10-0,Term. Penha,0
403A-10,USD,403A-10-1,Cptm José Bonifácio,1
4051-10,USD,4051-10-0,Cptm Guaianazes,0
4051-10,USD,4051-10-1,Jd. São Paulo,1
4052-10,USD,4052-10-0,Metrô Itaquera,0
4052-10,USD,4052-10-1,Cptm Guaianazes,1
4053-10,USD,4053-10-0,Cptm Guaianazes,0
4055-10,USD,4055-10-0,Vl. Solange,0
4056-10,USD,4056-10-0,Term. São Mateus,0
4056-10,USD,4056-10-1,Pq. Boa Esperança,1
407A-10,US_,407A-10-0,Lgo. Da Concórdia,0
407A-10,US_,407A-10-1,Shop. Aricanduva,1
4.07E-08,USD,407E-10-0,Metrô Carrão,0
4.07E-08,USD,407E-10-1,Jd. Sto. André,1
407F-10,USD,407F-10-0,Metrô Belém,0
407F-10,USD,407F-10-1,Term. São Mateus,1
407G-10,USD,407G-10-0,Metrô Carrão,0
407G-10,USD,407G-10-1,Jd. Nova Vitória,1
407H-10,USD,407H-10-0,Metrô Itaquera,0
407H-10,USD,407H-10-1,Jd. São Francisco,1
407I-10,US_,407I-10-0,Metrô Bresser,0
407I-10,US_,407I-10-1,Conj. Manoel Da Nóbrega,1
407J-10,USD,407J-10-0,Metrô Tatuapé,0
407J-10,USD,407J-10-1,Jd. Soares,1
407K-10,US_,407K-10-0,Metrô Carrão,0
407K-10,US_,407K-10-1,Term. São Mateus,1
407L-10,USD,407L-10-0,Metrô Guilhermina/esperança,0
407L-10,USD,407L-10-1,Barro Branco,1
407M-10,USD,407M-10-0,Metrô Vl. Mariana,0
407N-10,USD,407N-10-0,Metrô Penha,0
407N-10,USD,407N-10-1,Term. Cid. Tiradentes,1
407P-10,USD,407P-10-0,Metrô Tatuapé,0
407P-10,USD,407P-10-1,Term. Cid. Tiradentes,1
407R-10,USD,407R-10-0,Metrô Belém,0
407R-10,USD,407R-10-1,Term. Vl. Carrão,1
407T-10,USD,407T-10-0,Metrô Itaquera,0
407T-10,USD,407T-10-1,Jd. Redil,1
407W-10,U__,407W-10-0,Metrô Carrão,0
407W-10,U__,407W-10-1,Jd. Iv Centenário,1
407Y-10,U__,407Y-10-0,Metrô Vl. Prudente,0
4085-10,USD,4085-10-0,Metrô Itaquera,0
4085-10,USD,4085-10-1,Cohab Fazenda Do Carmo,1
4086-10,USD,4086-10-0,Circular,0
408A-10,USD,408A-10-0,Cardoso De Almeida,0
408A-10,USD,408A-10-1,Machado De Assis,1
4092-10,USD,4092-10-0,Setor Iib,0
4093-10,USD,4093-10-0,Term. Cid. Tiradentes,0
4093-10,USD,4093-10-1,Cid. Tiradentes,1
4111-10,US_,4111-10-0,Pça. Da República,0
4112-10,U__,4112-10-0,Pça. Da República,0
4113-10,USD,4113-10-0,Pça. Da República,0
4114-10,USD,4114-10-0,Term. Pq. D. Pedro Ii,0
4114-10,USD,4114-10-1,Vl. Gumercindo,1
4115-10,USD,4115-10-0,Pça. Da República,0
414P-10,USD,414P-10-0,Term. Norte Metrô Carrão,0
414P-10,USD,414P-10-1,Vl. Industrial,1
4210-10,USD,4210-10-0,Term. Pq. D. Pedro Ii,0
4210-10,USD,4210-10-1,Term. Cid. Tiradentes,1
4221-10,USD,4221-10-0,Term. Pq. D. Pedro Ii,0
4221-10,USD,4221-10-1,Jd. Planalto,1
4222-10,US_,4222-10-0,Mooca,0
4.25E-08,USD,425E-10-0,Term. Sapopemba,0
4.25E-08,USD,425E-10-1,Jd. Ester,1
4284-10,USD,4284-10-0,Term. Vl. Prudente,0
4284-10,USD,4284-10-1,Vl. Califórnia,1
4286-10,US_,4286-10-0,Term. Vl Prudente,0
4286-10,US_,4286-10-1,Vl. Industrial,1
4288-10,USD,4288-10-0,Term. Pq. D. Pedro Ii,0
4288-10,USD,4288-10-1,Pq. Sta. Madalena,1
4310-10,USD,4310-10-0,Term. Pq. D. Pedro Ii,0
4310-10,USD,4310-10-1,E.t. Itaquera,1
4310-21,U__,4310-21-0,Term. Pq. D. Pedro Ii,0
4311-10,USD,4311-10-0,Term. Pq. D. Pedro Ii,0
4311-10,USD,4311-10-1,Term. São Mateus,1
4312-10,US_,4312-10-0,Term. Pq. D. Pedro Ii,0
4312-10,US_,4312-10-1,Jd. Marília,1
4313-10,USD,4313-10-0,Term. Pq. D. Pedro Ii,0
4313-10,USD,4313-10-1,Term. Cid. Tiradentes,1
4314-10,US_,4314-10-0,Term. Pq. D. Pedro Ii,0
4314-10,US_,4314-10-1,Inácio Monteiro,1
4315-10,USD,4315-10-0,Term. Pq. D. Pedro Ii,0
4315-10,USD,4315-10-1,Term. Vl. Carrão,1
4491-10,USD,4491-10-0,Term. Pq. D. Pedro Ii,0
4491-10,USD,4491-10-1,Zoológico,1
4706-10,USD,4706-10-0,Metrô Vl. Mariana,0
4706-10,USD,4706-10-1,Jd. Maria Estela Ii,1
4708-10,USD,4708-10-0,Metrô Vl. Mariana,0
4708-10,USD,4708-10-1,Jd. Clímax,1
4709-10,USD,4709-10-0,Metrô Vl. Mariana,0
4709-10,USD,4709-10-1,Jd. São Savério,1
4716-10,USD,4716-10-0,Metrô Sta. Cruz,0
4716-10,USD,4716-10-1,Sacomã,1
4717-10,USD,4717-10-0,Metrô Saúde,0
4718-10,USD,4718-10-0,Metrô Sta. Cruz,0
4721-10,USD,4721-10-0,Metrô Jabaquara,0
4721-10,USD,4721-10-1,Shop. Plaza Sul,1
4724-10,USD,4724-10-0,Vl. Nhocuné,0
4725-10,USD,4725-10-0,Shop. Ibirapuera,0
4726-10,USD,4726-10-0,Metrô Tatuapé,0
4726-10,USD,4726-10-1,Mooca,1
4727-10,USD,4727-10-0,Metrô Pça. Da áRvore,0
4727-10,USD,4727-10-1,Jd. Clímax,1
4729-10,USD,4729-10-0,Metrô Belém,0
4729-10,USD,4729-10-1,Pq. Bancário,1
4732-10,USD,4732-10-0,Metrô Saúde,0
4732-10,USD,4732-10-1,Vl. Liviero,1
4732-31,USD,4732-31-0,Metrô Saúde,0
4732-31,USD,4732-31-1,Vl. Liviero,1
4734-10,USD,4734-10-0,Metrô Saúde,0
4734-10,USD,4734-10-1,Vl. Moraes,1
4734-21,U__,4734-21-0,Metrô Saúde,0
4735-10,US_,4735-10-0,São Mateus,0
4742-10,USD,4742-10-0,Metrô São Judas,0
475M-10,USD,475M-10-0,Term. Amaral Gurgel,0
475M-10,USD,475M-10-1,Jd. Da Saúde,1
475R-10,USD,475R-10-0,Term. Pq. D. Pedro Ii,0
475R-10,USD,475R-10-1,Jd. São Savério,1
476A-10,USD,476A-10-0,Term. Sto. Amaro,0
476A-10,USD,476A-10-1,Ipiranga,1
476G-10,USD,476G-10-0,Ibirapuera,0
476G-10,USD,476G-10-1,Jd. Elba,1
476G-41,USD,476G-41-0,Metrô Ana Rosa,0
476G-41,USD,476G-41-1,Vl. Industrial,1
476L-10,USD,476L-10-0,Lar Esc. São Francisco,0
477A-10,USD,477A-10-0,Term. Pinheiros,0
477A-10,USD,477A-10-1,Sacomã,1
477P-10,USD,477P-10-0,Rio Pequeno,0
477P-10,USD,477P-10-1,Ipiranga,1
477U-10,US_,477U-10-0,Metrô Vl. Mariana,0
477U-10,US_,477U-10-1,Heliópolis,1
478P-10,USD,478P-10-0,Vl. Romana,0
478P-10,USD,478P-10-1,Sacomã,1
5010-10,USD,5010-10-0,Sto. Amaro,0
5010-10,USD,5010-10-1,Jabaquara,1
5011-10,USD,5011-10-0,Sto. Amaro,0
5011-10,USD,5011-10-1,Eldorado,1
5012-10,USD,5012-10-0,Jabaquara,0
5012-10,USD,5012-10-1,Vl. Guacuri,1
5013-10,USD,5013-10-0,Sto. Amaro,0
5013-10,USD,5013-10-1,Jd. Luso,1
5013-31,U__,5013-31-0,Sto. Amaro,0
5013-31,U__,5013-31-1,Jd. Miriam,1
5015-10,USD,5015-10-0,Metrô Jabaquara,0
5015-10,USD,5015-10-1,Jd. São Jorge,1
5018-10,USD,5018-10-0,Jabaquara,0
5018-10,USD,5018-10-1,Shop. Interlagos,1
5018-31,USD,5018-31-0,Jabaquara,0
5018-31,USD,5018-31-1,Shop. Interlagos,1
5020-10,USD,5020-10-0,Term. Sacomã,0
5020-10,USD,5020-10-1,Hosp. Heliópolis,1
5021-10,USD,5021-10-0,Term. Sacomã,0
5021-10,USD,5021-10-1,Água Funda,1
5022-10,USD,5022-10-0,Jabaquara,0
5022-10,USD,5022-10-1,Vl. Sta. Margarida,1
5024-10,USD,5024-10-0,Sto. Amaro,0
5024-10,USD,5024-10-1,Missionária,1
5024-31,USD,5024-31-0,Sto. Amaro,0
5024-31,USD,5024-31-1,Missionária,1
5025-10,USD,5025-10-0,Metrô Tamanduateí,0
5025-10,USD,5025-10-1,Jd. Guairacá,1
5026-10,USD,5026-10-0,Jd. São Roberto,0
5028-10,USD,5028-10-0,Metrô Alto Do Ipiranga,0
5029-10,USD,5029-10-0,Term. Sacomã,0
5029-10,USD,5029-10-1,Jd. Patente,1
502J-10,US_,502J-10-0,Metrô Sta. Cruz,0
502J-10,US_,502J-10-1,Cptm Autódromo,1
502J-21,US_,502J-21-1,Cptm Autódromo,1
502J-22,U__,502J-22-0,Vl. Joaniza,0
5030-10,USD,5030-10-0,Term. Sacomã,0
5030-10,USD,5030-10-1,Jd. Maria Estela,1
5031-10,USD,5031-10-0,Term. Sacomã,0
5031-10,USD,5031-10-1,Vl. Arapuá,1
5031-21,U__,5031-21-0,Term. Sacomã,0
5031-21,U__,5031-21-1,Vl. Cde. Do Pinhal,1
5032-10,USD,5032-10-0,Term. Sacomã,0
5032-10,USD,5032-10-1,Vl. Arapuá,1
5033-10,US_,5033-10-0,Term. Sacomã,0
5033-10,US_,5033-10-1,Vl. Brasilina,1
5034-10,USD,5034-10-0,Term. Sacomã,0
5034-10,USD,5034-10-1,Vl. Liviero,1
5034-31,USD,5034-31-0,Vl. Liviero,0
5035-10,USD,5035-10-0,Term. Sacomã,0
5035-10,USD,5035-10-1,Vl. Arapuá,1
5036-10,USD,5036-10-0,Term. Sacomã,0
5036-10,USD,5036-10-1,Jd. Celeste,1
5038-10,USD,5038-10-0,Term. Sacomã,0
5038-10,USD,5038-10-1,Pq. Bristol,1
507T-10,USD,507T-10-0,Metrô Carrão,0
507T-10,USD,507T-10-1,Term. Sapopemba,1
508L-10,USD,508L-10-0,Aclimação,0
5091-10,USD,5091-10-0,Metrô São Judas,0
509J-10,USD,509J-10-0,Pq. Ibirapuera,0
509J-10,USD,509J-10-1,Jd. Selma,1
509M-10,USD,509M-10-0,Term. Princ. Isabel,0
509M-10,USD,509M-10-1,Jd. Miriam,1
5100-10,U__,5100-10-0,Term. Pq. D. Pedro Ii,0
5100-10,U__,5100-10-1,Term. Pinheiros,1
5103-10,USD,5103-10-0,Moema,0
5105-10,USD,5105-10-0,Term. Mercado,0
5105-10,USD,5105-10-1,Term. Sacomã,1
5106-10,USD,5106-10-0,Lgo. São Francisco,0
5106-10,USD,5106-10-1,Jd. Selma,1
5106-21,USD,5106-21-0,Term. áGua Espraiada,0
5106-21,USD,5106-21-1,Jd. Selma,1
5106-31,US_,5106-31-0,Metrô Ana Rosa,0
5106-31,US_,5106-31-1,Jd. Selma,1
5107-10,USD,5107-10-0,Pça. Do Correio,0
5107-10,USD,5107-10-1,Term. Sacomã,1
5108-10,USD,5108-10-0,Term. Pq. D. Pedro Ii,0
5108-10,USD,5108-10-1,Jd. Celeste,1
5109-10,US_,5109-10-0,Term. Mercado,0
5109-10,US_,5109-10-1,Term. Vl. Prudente,1
5110-10,USD,5110-10-0,Term. Mercado,0
5110-10,USD,5110-10-1,Term. São Mateus,1
5110-21,U__,5110-21-0,Term. Mercado,0
5110-23,U__,5110-23-0,Term. Mercado,0
5110-24,U__,5110-24-0,Term. Vl. Prudente,0
5110-24,U__,5110-24-1,São Mateus,1
5110-41,U__,5110-41-0,Metrô Tamanduateí,0
5110-41,U__,5110-41-1,São Mateus,1
5111-10,USD,5111-10-0,Term. Pq. D. Pedro Ii,0
5111-10,USD,5111-10-1,Term. Sto. Amaro,1
5119-10,USD,5119-10-0,Lgo. São Francisco,0
5119-10,USD,5119-10-1,Term. Capelinha,1
5119-22,U__,5119-22-0,Lgo. São Francisco,0
5119-22,U__,5119-22-1,Term. João Dias,1
5119-23,U__,5119-23-0,Instituto Lucy Montoro,0
5123-10,USD,5123-10-0,Hosp. São Paulo,0
5123-10,USD,5123-10-1,Jd. Miriam,1
5127-10,USD,5127-10-0,Cptm Jurubatuba,0
5127-10,USD,5127-10-1,Vl. Guacuri,1
5128-10,USD,5128-10-0,Metrô Conceição,0
5128-10,USD,5128-10-1,Jd. Apurá,1
5129-10,USD,5129-10-0,Term. Guarapiranga,0
5129-10,USD,5129-10-1,Jd. Miriam,1
5129-41,USD,5129-41-0,Sto. Amaro,0
5129-41,USD,5129-41-1,Jd. Miriam,1
5131-10,US_,5131-10-0,Pq. D. Pedro Ii,0
5131-10,US_,5131-10-1,Cid. Ademar,1
513C-10,USD,513C-10-0,São Mateus,0
513C-10,USD,513C-10-1,Vl. Califórnia,1
513C-31,USD,513C-31-0,E.t. Itaquera,0
513C-31,USD,513C-31-1,Vl. Califórnia,1
513L-10,USD,513L-10-0,Pq. Belém,0
513L-10,USD,513L-10-1,Term. Sacomã,1
5141-10,USD,5141-10-0,Pça. Do Correio,0
5141-10,USD,5141-10-1,Term. Sapopemba,1
5142-10,USD,5142-10-0,Term. Pq. D. Pedro Ii,0
5142-10,USD,5142-10-1,Term. Sapopemba,1
5143-10,US_,5143-10-0,Term. Pq. D. Pedro Ii,0
5143-10,US_,5143-10-1,Term. Sapopemba,1
5144-10,USD,5144-10-0,Term. Princ. Isabel,0
5144-10,USD,5144-10-1,Term. Sapopemba,1
5145-10,USD,5145-10-0,Pça. Almeida Jr.,0
5145-10,USD,5145-10-1,Term. Sapopemba,1
514T-10,USD,514T-10-0,Jd. Itápolis,0
514T-10,USD,514T-10-1,Term. Sacomã,1
5154-10,USD,5154-10-0,Term. Princ. Isabel,0
5154-10,USD,5154-10-1,Term. Sto. Amaro,1
5164-10,USD,5164-10-0,Pq. Ibirapuera,0
5164-21,USD,5164-21-0,Pq. Ibirapuera,0
5164-41,USD,5164-41-0,Metrô Conceição,0
516N-10,USD,516N-10-0,Pça. D. Gastão,0
5175-10,USD,5175-10-0,Pça. Da Sé,0
5175-10,USD,5175-10-1,Baln. São Francisco,1
5178-10,USD,5178-10-0,Pça. João Mendes,0
5178-10,USD,5178-10-1,Jd. Miriam,1
517J-10,USD,517J-10-0,Term. áGua Espraiada,0
517J-10,USD,517J-10-1,Jd. Selma,1
5185-10,USD,5185-10-0,Term. Pq. D. Pedro Ii,0
5185-10,USD,5185-10-1,Term. Guarapiranga,1
5194-10,U__,5194-10-0,Pq. Ibirapuera,0
519M-10,US_,519M-10-0,Museu Do Ipiranga,0
519M-10,US_,519M-10-1,São Mateus,1
524L-10,USD,524L-10-0,Metrô Tatuapé,0
524L-10,USD,524L-10-1,Pq. São Lucas,1
524M-10,USD,524M-10-0,Shop. Aricanduva,0
524M-10,USD,524M-10-1,Mascarenhas De Morais,1
527R-10,USD,527R-10-0,Term. Sto. Amaro,0
527R-10,USD,527R-10-1,Vl. Império,1
5290-10,USD,5290-10-0,Term. Pq. D. Pedro Ii,0
5290-10,USD,5290-10-1,Div. Diadema,1
5300-10,USD,5300-10-0,Term. Pq. D. Pedro Ii,0
5300-10,USD,5300-10-1,Term. Sto. Amaro,1
5317-10,US_,5317-10-0,Pça. Do Correio,0
5317-10,US_,5317-10-1,Sesc/orion,1
5318-10,USD,5318-10-0,Pça. Da Sé,0
5318-10,USD,5318-10-1,Chác. Santana,1
5362-10,USD,5362-10-0,Pça. Da Sé,0
5362-10,USD,5362-10-1,Pq. Res. Cocaia,1
5362-21,U__,5362-21-0,Pça. Da Sé,0
5362-22,U__,5362-22-0,Pça. Da Sé,0
5362-23,U__,5362-23-0,Vicente Rao,0
5362-41,U__,5362-41-1,Pq. Res. Cocaia,1
5370-10,USD,5370-10-0,Lgo. São Francisco,0
5370-10,USD,5370-10-1,Term. Varginha,1
5370-21,U__,5370-21-0,Pq. Ibirapuera,0
5370-21,U__,5370-21-1,Term. Varginha,1
5391-10,USD,5391-10-0,Lgo. São Francisco,0
5391-10,USD,5391-10-1,Jd. âNgela,1
5391-21,U__,5391-21-0,Lgo. São Francisco,0
5391-22,U__,5391-22-0,Jd. âNgela,0
546A-10,USD,546A-10-0,Sto. Amaro,0
546A-10,USD,546A-10-1,Jd. Apurá,1
546A-31,USD,546A-31-0,Sto. Amaro,0
546A-31,USD,546A-31-1,Jd. Apurá,1
546J-10,USD,546J-10-0,Sto. Amaro,0
546J-10,USD,546J-10-1,Jd. Selma,1
546J-31,US_,546J-31-0,Sto. Amaro,0
546J-31,US_,546J-31-1,Jd. Selma,1
546J-41,U__,546J-41-1,Jd. Selma,1
546L-10,USD,546L-10-0,Term. Sto. Amaro,0
546L-10,USD,546L-10-1,Jd. Luso,1
546L-41,U__,546L-41-1,Jd. Luso,1
546T-10,USD,546T-10-0,Term. Sto. Amaro,0
546T-10,USD,546T-10-1,Vl. Guacuri,1
5611-10,USD,5611-10-0,Pça. João Mendes,0
5611-10,USD,5611-10-1,Eldorado,1
5614-10,U__,5614-10-0,Pça. João Mendes,0
5614-10,U__,5614-10-1,Eldorado,1
5630-10,USD,5630-10-0,Metrô Brás,0
5630-10,USD,5630-10-1,Term. Grajaú,1
5630-21,U__,5630-21-0,Lgo. São Francisco,0
5630-21,U__,5630-21-1,Cid. Dutra,1
5632-10,US_,5632-10-0,Lgo. São Francisco,0
5632-10,US_,5632-10-1,Vl. São José,1
5632-21,U__,5632-21-0,Lgo. São Francisco,0
5632-51,U__,5632-51-0,Lgo. São Francisco,0
5652-10,U__,5652-10-0,Pça. Da Sé,0
5652-10,U__,5652-10-1,Jd. Iv Centenário,1
5701-10,USD,5701-10-0,Shop. Morumbi,0
5701-10,USD,5701-10-1,Metrô Conceição,1
5702-10,USD,5702-10-0,Metrô Jabaquara,0
5702-10,USD,5702-10-1,Refúgio Sta. Terezinha,1
5705-10,USD,5705-10-0,Metrô Vergueiro,0
5705-10,USD,5705-10-1,Term. Sacomã,1
573A-10,USD,573A-10-0,Vl. Alpina,0
573H-10,USD,573H-10-0,Metrô Bresser,0
573H-10,USD,573H-10-1,Hosp. Sapopemba,1
573T-10,USD,573T-10-0,Metrô Carrão,0
573T-10,USD,573T-10-1,Term. Sapopemba,1
573T-31,U__,573T-31-0,Metrô Carrão,0
573T-31,U__,573T-31-1,Term. Sapopemba,1
574A-10,U__,574A-10-0,Lgo. Cambuci,0
574A-10,U__,574A-10-1,Americanópolis,1
574C-10,USD,574C-10-0,Div. De São Caetano,0
574C-10,USD,574C-10-1,São Mateus,1
574J-10,USD,574J-10-0,Term. Vl. Carrão,0
574J-10,USD,574J-10-1,Metrô Conceição,1
574R-10,USD,574R-10-0,Metrô Belém,0
574R-10,USD,574R-10-1,Term. Sapopemba,1
574W-10,USD,574W-10-0,Metrô Belém,0
574W-10,USD,574W-10-1,Jd. Walkiria,1
5752-10,USD,5752-10-0,Metrô Conceição,0
5752-10,USD,5752-10-1,Vl. Missionária,1
5757-10,USD,5757-10-0,Metrô Conceição,0
5757-10,USD,5757-10-1,Cid. Júlia,1
5757-51,USD,5757-51-0,Metrô Conceição,0
5757-51,USD,5757-51-1,Pedreira,1
5759-10,USD,5759-10-0,Metrô Conceição,0
5759-10,USD,5759-10-1,Pq. Primavera,1
5759-31,USD,5759-31-0,Metrô Conceição,0
5759-31,USD,5759-31-1,Pq. Primavera,1
575A-10,USD,575A-10-0,Shop. Metrô Tatuapé,0
575A-10,USD,575A-10-1,Div. São Caetano,1
575C-10,USD,575C-10-0,Vl Matias,0
575C-10,USD,575C-10-1,Ipiranga,1
576C-10,USD,576C-10-0,Term. Sto. Amaro,0
576C-10,USD,576C-10-1,Metrô Jabaquara,1
576M-10,USD,576M-10-0,Pinheiros,0
576M-10,USD,576M-10-1,Vl. Clara,1
577T-10,USD,577T-10-0,Metrô Ana Rosa,0
577T-10,USD,577T-10-1,Jd. Miriam,1
5791-10,U__,5791-10-0,Metrô Vergueiro,0
5791-10,U__,5791-10-1,Eldorado,1
6000-10,USD,6000-10-0,Term. Sto. Amaro,0
6000-10,USD,6000-10-1,Term. Parelheiros,1
6001-10,USD,6001-10-0,Term. Sto. Amaro,0
6001-10,USD,6001-10-1,Term. Capelinha,1
6002-10,U__,6002-10-0,Hosp. Pedreira,0
6003-10,USD,6003-10-0,Term. Varginha,0
6003-10,USD,6003-10-1,Term. Grajaú,1
6006-10,USD,6006-10-0,Shop. Interlagos,0
6006-10,USD,6006-10-1,Jd. Herculano,1
6007-10,USD,6007-10-0,Term. Sto. Amaro,0
6007-10,USD,6007-10-1,Term. Capelinha,1
6008-10,USD,6008-10-0,Term. Sto. Amaro,0
6008-10,USD,6008-10-1,Jd. Planalto,1
6008-41,U__,6008-41-0,Jd. Copacabana,0
6010-10,USD,6010-10-0,Term. Guarapiranga,0
6010-10,USD,6010-10-1,Chác. Sta. Maria,1
6012-10,USD,6012-10-0,Sto. Amaro,0
6012-10,USD,6012-10-1,Pq. Independência,1
6012-31,U__,6012-31-0,Jd. âNgela,0
6013-10,USD,6013-10-0,Term. Sto. Amaro,0
6013-10,USD,6013-10-1,Jd. Nakamura,1
6014-10,USD,6014-10-0,Term. Sto. Amaro,0
6014-10,USD,6014-10-1,Term. Jd. Jacira,1
6015-10,USD,6015-10-0,Sto. Amaro,0
6015-10,USD,6015-10-1,Vl. Calú,1
6016-10,USD,6016-10-0,Term. Grajaú,0
6016-10,USD,6016-10-1,Jd. Noronha,1
6016-41,USD,6016-41-0,Term. Grajaú,0
6016-41,USD,6016-41-1,Jd. Porto Velho,1
6017-10,USD,6017-10-0,Sto. Amaro,0
6017-10,USD,6017-10-1,Jd. Nakamura,1
6019-10,USD,6019-10-0,Jd. Alfredo,0
6020-10,U__,6020-10-0,Parelheiros,0
6020-51,U__,6020-51-0,Parelheiros,0
6021-10,USD,6021-10-0,Jd. Nova Era,0
6022-10,USD,6022-10-0,Sto. Amaro,0
6022-10,USD,6022-10-1,Pq. Cerejeira,1
6026-10,USD,6026-10-0,Term. Sto. Amaro,0
6026-10,USD,6026-10-1,Jd. Icaraí,1
6027-10,USD,6027-10-0,Term. Sto. Amaro,0
6027-10,USD,6027-10-1,Jd. Grauna,1
6028-10,USD,6028-10-0,Term. Sto. Amaro,0
6028-10,USD,6028-10-1,Riviera,1
6030-10,USD,6030-10-0,Term. Sto. Amaro,0
6030-10,USD,6030-10-1,Unisa-campus 1,1
6031-10,USD,6031-10-0,Jd. São Bernardo,0
6031-10,USD,6031-10-1,Term. Grajaú,1
6034-10,USD,6034-10-0,Term. Grajaú,0
6034-10,USD,6034-10-1,Pq. Res. Cocaia,1
6035-10,USD,6035-10-0,Sto. Amaro,0
6035-10,USD,6035-10-1,Vl. Gilda,1
6035-21,US_,6035-21-0,Term. Guarapiranga,0
6035-21,US_,6035-21-1,Vl. Gilda,1
6036-10,USD,6036-10-0,Sto. Amaro,0
6036-10,USD,6036-10-1,Jd. Macedônia,1
6037-10,USD,6037-10-0,Sto. Amaro,0
6037-10,USD,6037-10-1,Jd. Mitsutani,1
6038-10,USD,6038-10-0,Sto. Amaro,0
6038-10,USD,6038-10-1,Jd. Das Rosas,1
6039-10,USD,6039-10-0,Sto. Amaro,0
6039-10,USD,6039-10-1,Valo Velho,1
6039-21,USD,6039-21-0,Cohab Jd. São Bento,0
6041-10,USD,6041-10-0,Sto. Amaro,0
6041-10,USD,6041-10-1,Jd. Jangadeiro,1
6041-21,U__,6041-21-0,Jd. Monte Azul,0
6042-10,US_,6042-10-0,Sto. Amaro,0
6042-10,US_,6042-10-1,Jd. Três Estrelas,1
6042-21,US_,6042-21-0,Ceu Capão Redondo,0
6042-21,US_,6042-21-1,Term. Capelinha,1
6043-10,USD,6043-10-0,Term. Sto. Amaro,0
6043-10,USD,6043-10-1,Jd. Capelinha,1
6044-10,USD,6044-10-0,Term. Sto. Amaro,0
6044-10,USD,6044-10-1,Jd. D. José,1
6045-10,USD,6045-10-0,Sto. Amaro,0
6045-10,USD,6045-10-1,Valo Velho,1
6045-21,U__,6045-21-0,Term. Capelinha,0
6046-10,USD,6046-10-0,Sto. Amaro,0
6046-10,USD,6046-10-1,Jd. São Bento Novo,1
6047-10,USD,6047-10-0,Sto. Amaro,0
6047-10,USD,6047-10-1,Jd. Lídia,1
6048-10,USD,6048-10-0,Sto. Amaro,0
6048-10,USD,6048-10-1,Capão Redondo,1
6049-10,USD,6049-10-0,Sto. Amaro,0
6049-10,USD,6049-10-1,Valo Velho,1
6050-10,USD,6050-10-0,Term. Grajaú,0
6050-10,USD,6050-10-1,Pq. Cocaia,1
6051-10,USD,6051-10-0,Term. Varginha,0
6051-10,USD,6051-10-1,Jd. Itajaí,1
6051-31,U__,6051-31-0,Term. Varginha,0
6051-31,U__,6051-31-1,Jd. Itajaí,1
6052-10,USD,6052-10-0,Term. Varginha,0
6052-10,USD,6052-10-1,Jd. Sete De Setembro,1
6052-31,U__,6052-31-0,Term. Varginha,0
6052-31,U__,6052-31-1,Jd. Almeida Prado,1
6053-10,USD,6053-10-0,Term. Grajaú,0
6053-10,USD,6053-10-1,Jd. Ellus,1
6055-10,USD,6055-10-0,Shop. Interlagos,0
6056-10,US_,6056-10-0,Term. Grajaú,0
6056-10,US_,6056-10-1,Pq. Sta. Cecília,1
6057-10,USD,6057-10-0,Term. Grajaú,0
6057-10,USD,6057-10-1,Vl. Natal,1
6058-10,USD,6058-10-0,Term. Varginha,0
6058-10,USD,6058-10-1,Jd. Noronha,1
6059-10,USD,6059-10-0,Sto. Amaro,0
6059-10,USD,6059-10-1,Jd. Universal,1
605A-10,USD,605A-10-0,Metrô Jabaquara,0
6061-10,USD,6061-10-0,Term. Grajaú,0
6061-10,USD,6061-10-1,Jd. Marilda,1
6062-10,USD,6062-10-0,Jd. Castro Alves,0
6062-10,USD,6062-10-1,Term. Grajaú,1
6062-51,USD,6062-51-0,Term. Sto. Amaro,0
6062-51,USD,6062-51-1,Jd. Castro Alves,1
6063-10,USD,6063-10-0,Term. Varginha,0
6063-10,USD,6063-10-1,Jd. Varginha,1
6063-41,USD,6063-41-0,Term. Varginha,0
6063-41,USD,6063-41-1,Jd. Novo Marilda,1
6063-42,USD,6063-42-0,Term. Varginha,0
6063-42,USD,6063-42-1,Chác. Sto. Amaro,1
6063-43,USD,6063-43-0,Term. Varginha,0
6063-43,USD,6063-43-1,Vl. Da Paz,1
6069-10,USD,6069-10-0,Term. Sto. Amaro,0
6069-10,USD,6069-10-1,Jd. São Bernardo,1
6071-10,USD,6071-10-0,Term. Sto. Amaro,0
6071-10,USD,6071-10-1,Jd. Orion,1
6072-10,USD,6072-10-0,Term. Varginha,0
6072-10,USD,6072-10-1,Jd. São Nicolau,1
6072-21,U__,6072-21-0,Term. Varginha,0
6072-23,USD,6072-23-0,Baln. São José,0
6073-10,USD,6073-10-0,Term. Varginha,0
6073-10,USD,6073-10-1,Jd. Sta. Terezinha,1
6074-10,USD,6074-10-0,Cptm Jurubatuba,0
6074-10,USD,6074-10-1,Jd. Gaivotas,1
6075-10,USD,6075-10-0,Term. Varginha,0
6075-10,USD,6075-10-1,Jd. Rec. Campo Belo,1
6076-10,USD,6076-10-0,Term. Sto. Amaro,0
6076-10,USD,6076-10-1,Jd. Progresso,1
6076-41,US_,6076-41-0,Term. Sto. Amaro,0
6076-41,US_,6076-41-1,Jd. Satélite Ii,1
6078-10,USD,6078-10-0,Shop. Interlagos,0
6078-10,USD,6078-10-1,Cantinho Do Céu,1
607A-10,USD,607A-10-0,Socorro,0
607A-10,USD,607A-10-1,Jd. Apurá,1
607A-21,U__,607A-21-0,Cptm Jurubatuba,0
607A-21,U__,607A-21-1,Jd. Apurá,1
607C-10,USD,607C-10-0,Itaim Bibi,0
607C-10,USD,607C-10-1,Jd. Miriam,1
607M-10,US_,607M-10-0,Term. áGua Espraiada,0
607M-10,US_,607M-10-1,Term. Grajaú,1
6080-10,USD,6080-10-0,Shop. Interlagos,0
6080-10,USD,6080-10-1,Jd. Lucélia,1
6083-10,USD,6083-10-0,Term. Grajaú,0
6083-10,USD,6083-10-1,Jd. Eliana,1
6084-10,USD,6084-10-0,Term. Varginha,0
6084-10,USD,6084-10-1,Jd. Chác. Do Sol,1
6091-10,USD,6091-10-0,Term. Sto. Amaro,0
6091-10,USD,6091-10-1,Vargem Grande,1
6091-21,U__,6091-21-0,Term. Sto. Amaro,0
6091-51,U__,6091-51-0,Term. Sto. Amaro,0
6092-10,USD,6092-10-0,Term. Grajaú,0
6092-10,USD,6092-10-1,Jd. Das Pedras,1
6093-10,USD,6093-10-0,Term. Grajaú,0
6093-10,USD,6093-10-1,Vargem Grande,1
6099-10,USD,6099-10-0,Divisa De Embu-guaçu,0
609F-10,USD,609F-10-0,Term. Princ. Isabel,0
609F-10,USD,609F-10-1,Chác. Santana,1
609F-21,U__,609F-21-0,Anhangabaú,0
609F-21,U__,609F-21-1,Chác. Santana,1
609J-10,USD,609J-10-0,Metrô São Judas,0
6110-10,USD,6110-10-0,Aeroporto,0
6110-10,USD,6110-10-1,Conj. Hab. Palmares,1
6115-10,USD,6115-10-0,Term. Grajaú,0
6115-10,USD,6115-10-1,Cantinho Do Céu,1
6115-41,U__,6115-41-0,Term. Grajaú,0
6115-41,U__,6115-41-1,Pq. Res. Dos Lagos,1
6116-10,USD,6116-10-0,Term. Grajaú,0
6116-10,USD,6116-10-1,Jd. Prainha,1
6118-10,USD,6118-10-0,Term. Sto. Amaro,0
6118-10,USD,6118-10-1,Jd. Icaraí,1
6120-10,USD,6120-10-0,Term. Grajaú,0
6120-10,USD,6120-10-1,Jd. Lucélia,1
6200-10,USD,6200-10-0,Term. Bandeira,0
6200-10,USD,6200-10-1,Term. Sto. Amaro,1
6232-10,US_,6232-10-0,Metrô Barra Funda,0
6232-10,US_,6232-10-1,Pinheiros/vila Ida ,1
6250-10,U__,6250-10-0,Term. Bandeira,0
6250-10,U__,6250-10-1,Jd. Jaqueline,1
6258-10,USD,6258-10-0,Term. Sto. Amaro,0
6258-10,USD,6258-10-1,Jd. São Francisco,1
6258-31,USD,6258-31-0,Jd. Ibirapuera,0
6258-31,USD,6258-31-1,Jd. Sta. Margarida,1
6262-10,USD,6262-10-0,Term. Bandeira,0
6262-10,USD,6262-10-1,Ceasa,1
627J-10,USD,627J-10-0,Metrô São Judas,0
6291-10,USD,6291-10-0,Term. Bandeira,0
6291-10,USD,6291-10-1,Inocoop Campo Limpo,1
6338-10,USD,6338-10-0,Pq. Ibirapuera,0
6358-10,USD,6358-10-0,Term. Bandeira,0
6358-10,USD,6358-10-1,Jd. Luso,1
637A-10,USD,637A-10-0,Term. Pinheiros,0
637A-10,USD,637A-10-1,Term. Jd. âNgela,1
637A-21,U__,637A-21-0,Term. Pinheiros,0
637A-22,U__,637A-22-0,Term. Jd. âNgela,0
637A-25,U__,637A-25-0,Term. Pinheiros,0
637A-26,U__,637A-26-0,Term. Pinheiros,0
637G-10,US_,637G-10-0,Pinheiros,0
637G-10,US_,637G-10-1,Grajaú,1
637G-51,U__,637G-51-0,Pinheiros,0
637G-51,U__,637G-51-1,Jd. Eliana,1
637J-10,U__,637J-10-0,Pinheiros,0
637J-10,U__,637J-10-1,Vl. São José,1
637P-10,USD,637P-10-0,Term. Pinheiros,0
637P-10,USD,637P-10-1,Term. Sto. Amaro,1
637R-10,USD,637R-10-0,Term. Sto. Amaro,0
637R-10,USD,637R-10-1,Jd. Aracati,1
637V-10,USD,637V-10-0,Term. Sto. Amaro,0
637V-10,USD,637V-10-1,Pq. América,1
6400-10,U__,6400-10-0,Term. Bandeira,0
6400-10,U__,6400-10-1,Term. João Dias,1
6403-10,US_,6403-10-0,Term. Pq. D. Pedro Ii,0
6403-10,US_,6403-10-1,Term. João Dias,1
6412-10,USD,6412-10-0,Paulista,0
6414-10,USD,6414-10-0,Term. Bandeira,0
6414-10,USD,6414-10-1,Socorro,1
6418-10,U__,6418-10-0,Brooklin Novo,0
6422-10,U__,6422-10-0,Term. Bandeira,0
6422-10,U__,6422-10-1,Vl. Cruzeiro,1
6450-10,USD,6450-10-0,Term. Bandeira,0
6450-10,USD,6450-10-1,Term. Capelinha,1
6451-10,USD,6451-10-0,Term. Bandeira,0
6451-10,USD,6451-10-1,Term. Capelinha,1
6455-10,USD,6455-10-0,Lgo. São Francisco,0
6455-10,USD,6455-10-1,Term. Capelinha,1
6475-10,US_,6475-10-0,Term. Bandeira,0
6475-10,US_,6475-10-1,Jd. Vaz De Lima,1
647A-10,USD,647A-10-0,Pinheiros,0
647A-10,USD,647A-10-1,Valo Velho,1
647P-10,USD,647P-10-0,Term. Pinheiros,0
647P-10,USD,647P-10-1,Cohab Adventista,1
648P-10,USD,648P-10-0,Term. Pinheiros,0
648P-10,USD,648P-10-1,Term. Capelinha,1
6500-10,USD,6500-10-0,Term. Bandeira,0
6500-10,USD,6500-10-1,Term. Sto. Amaro,1
6505-10,USD,6505-10-0,Term. Bandeira,0
6505-10,USD,6505-10-1,Term. Guarapiranga,1
669A-10,USD,669A-10-0,Term. Princ. Isabel,0
669A-10,USD,669A-10-1,Term. Sto. Amaro,1
6726-10,USD,6726-10-0,Jd. Gaivotas   ,0
6726-10,USD,6726-10-1,Term. Grajaú,1
675A-10,US_,675A-10-0,Metrô São Judas,0
675A-10,US_,675A-10-1,Pq. Sto. Antonio,1
675G-10,USD,675G-10-0,Metrô Jabaquara,0
675G-10,USD,675G-10-1,Pq. Res. Cocaia,1
675G-22,U__,675G-22-1,Pq. Res. Cocaia,1
675G-41,U__,675G-41-0,Metrô Jabaquara,0
675G-41,U__,675G-41-1,Jd. Castro Alves,1
675I-10,USD,675I-10-0,Metrô São Judas,0
675I-10,USD,675I-10-1,Term. João Dias,1
675K-10,USD,675K-10-0,Metrô Sta. Cruz,0
675K-10,USD,675K-10-1,Term. Jd. âNgela,1
675K-23,U__,675K-23-0,Moema,0
675L-10,US_,675L-10-0,Metrô Sta. Cruz,0
675L-10,US_,675L-10-1,Term. Sto. Amaro,1
675M-10,USD,675M-10-0,Metrô Jabaquara,0
675M-10,USD,675M-10-1,Centro Sesc,1
675N-10,U__,675N-10-0,Metrô Ana Rosa,0
675N-10,U__,675N-10-1,Term. Sto. Amaro,1
675P-10,USD,675P-10-0,Metrô Conceição,0
675P-10,USD,675P-10-1,Shop. Sp Market,1
675R-10,USD,675R-10-0,Metrô Jabaquara,0
675R-10,USD,675R-10-1,Grajaú,1
675X-10,USD,675X-10-0,Aacd-servidor,0
677A-10,USD,677A-10-0,Itaim Bibi,0
677A-10,USD,677A-10-1,Term. Jd. âNgela,1
677V-10,USD,677V-10-0,Cptm Grajaú,0
677Y-10,USD,677Y-10-0,Term. áGua Espraiada,0
677Y-10,USD,677Y-10-1,Jd. Guarujá,1
6801-10,USD,6801-10-0,Term. João Dias,0
6801-10,USD,6801-10-1,Jd. Ibirapuera,1
6801-51,U__,6801-51-0,Term. João Dias,0
6801-51,U__,6801-51-1,Jd. Ibirapuera,1
6803-10,USD,6803-10-0,Term. João Dias,0
6803-10,USD,6803-10-1,Jd. Capelinha,1
6804-10,USD,6804-10-0,Term. João Dias,0
6804-10,USD,6804-10-1,Jd. Ingá,1
6805-10,USD,6805-10-0,Term. João Dias,0
6805-10,USD,6805-10-1,Term. Capelinha,1
6805-31,US_,6805-31-0,Term. João Dias,0
6805-31,US_,6805-31-1,Term. Capelinha,1
6806-10,USD,6806-10-0,Term. João Dias,0
6806-10,USD,6806-10-1,Jd. Novo Oriente,1
6812-10,USD,6812-10-0,Sto. Amaro,0
6812-10,USD,6812-10-1,Jd. Capela,1
6813-10,USD,6813-10-0,Term. Capelinha,0
6813-10,USD,6813-10-1,Jd. Lídia,1
6815-10,U__,6815-10-0,Term. Capelinha,0
6815-10,U__,6815-10-1,Jd. Comercial,1
6816-10,USD,6816-10-0,Term. Capelinha,0
6816-10,USD,6816-10-1,Jd. Mitsutani,1
6816-31,U__,6816-31-0,Term. Capelinha,0
6816-31,U__,6816-31-1,Jd. Mitsutani,1
6817-10,US_,6817-10-0,Term. Capelinha,0
6817-10,US_,6817-10-1,Jd. São Bento,1
6818-10,USD,6818-10-0,Term. Capelinha,0
6818-10,USD,6818-10-1,Jd. Vale Das Virtudes,1
6820-10,USD,6820-10-0,Term. Capelinha,0
6820-10,USD,6820-10-1,Jd. Das Rosas,1
6820-31,USD,6820-31-0,Term. Capelinha,0
6820-31,USD,6820-31-1,Jd. Das Rosas,1
6821-10,USD,6821-10-0,Term. Capelinha,0
6821-10,USD,6821-10-1,Jd. Jangadeiro,1
6822-10,USD,6822-10-0,Term. Capelinha,0
6822-10,USD,6822-10-1,Jd. Macedônia,1
6823-10,USD,6823-10-0,Term. Capelinha,0
6823-10,USD,6823-10-1,Jd. Guarujá,1
6824-10,USD,6824-10-0,Term. Capelinha,0
6824-10,USD,6824-10-1,Pq. Fernanda,1
6825-10,USD,6825-10-0,Term. Capelinha,0
6825-10,USD,6825-10-1,Valo Velho,1
6826-10,USD,6826-10-0,Term. Capelinha,0
6826-10,USD,6826-10-1,Jd. D. José,1
6835-10,USD,6835-10-0,Term. Capelinha,0
6835-10,USD,6835-10-1,Valo Velho,1
6835-31,US_,6835-31-0,Term. Capelinha,0
6835-31,US_,6835-31-1,Valo Velho,1
6836-10,USD,6836-10-0,Term. João Dias,0
6836-10,USD,6836-10-1,Capão Redondo,1
6837-10,USD,6837-10-0,Term. Capelinha,0
6837-10,USD,6837-10-1,Shop. Portal,1
6840-10,USD,6840-10-0,Term. Capelinha,0
6840-10,USD,6840-10-1,Term. Jd. Jacira,1
6913-10,USD,6913-10-0,Term. Bandeira,0
6913-10,USD,6913-10-1,Term. Varginha,1
6913-21,U__,6913-21-0,Itaim Bibi,0
695D-10,USD,695D-10-0,Metrô Jabaquara,0
695D-10,USD,695D-10-1,Jd. Sta. Barbara,1
695H-10,USD,695H-10-0,Term. Sto. Amaro,0
695H-10,USD,695H-10-1,Jd. Herplin,1
695T-10,US_,695T-10-0,Metrô Vl. Mariana,0
695T-10,US_,695T-10-1,Term. Capelinha,1
695V-10,US_,695V-10-0,Metrô Ana Rosa,0
695V-10,US_,695V-10-1,Term. Capelinha,1
695X-10,USD,695X-10-0,Metrô Jabaquara,0
695X-10,USD,695X-10-1,Term. Varginha,1
695X-22,U__,695X-22-1,Term. Varginha,1
695Y-10,USD,695Y-10-0,Metrô Vl. Mariana,0
695Y-10,USD,695Y-10-1,Term. Parelheiros,1
695Y-21,U__,695Y-21-0,Cptm Autódromo,0
695Y-21,U__,695Y-21-1,Term. Parelheiros,1
695Y-41,U__,695Y-41-1,Term. Parelheiros,1
6960-10,USD,6960-10-0,Term. Sto. Amaro,0
6960-10,USD,6960-10-1,Term. Varginha,1
6960-21,U__,6960-21-1,Term. Varginha,1
6970-10,USD,6970-10-0,Term. Sto. Amaro,0
6970-10,USD,6970-10-1,Term. Grajaú,1
6L01-10,USD,6L01-10-0,Term. Varginha,0
6L01-10,USD,6L01-10-1,Marsilac,1
6L01-22,U__,6L01-22-0,Term. Varginha,0
6L02-10,USD,6L02-10-0,Term. Parelheiros,0
6L02-10,USD,6L02-10-1,Jd. Eucaliptos,1
6L03-10,USD,6L03-10-0,Term. Parelheiros,0
6L03-10,USD,6L03-10-1,Cipó Do Meio,1
6L04-10,USD,6L04-10-0,Term. Parelheiros,0
6L04-10,USD,6L04-10-1,Jd. Oriental/fontes,1
6L04-41,US_,6L04-41-0,Term. Parelheiros,0
6L04-41,US_,6L04-41-1,Jd. Das Fontes,1
6L04-42,U__,6L04-42-0,Term. Parelheiros,0
6L04-42,U__,6L04-42-1,Jd. Oriental,1
6L05-10,USD,6L05-10-0,Term. Parelheiros,0
6L05-10,USD,6L05-10-1,Barragem,1
6L07-10,US_,6L07-10-0,Term. Varginha,0
6L07-10,US_,6L07-10-1,Jd. Sta. Fé,1
6L08-10,USD,6L08-10-0,Hosp. Parelheiros,0
6L10-10,USD,6L10-10-0,Pq. Florestal   ,0
6L10-41,USD,6L10-41-0,Term. Varginha,0
6L10-41,USD,6L10-41-1,Messiânica,1
6L11-10,USD,6L11-10-0,Term. Grajaú,0
6L11-10,USD,6L11-10-1,Ilha Do Bororé,1
7001-10,USD,7001-10-0,Jd. âNgela,0
7001-10,USD,7001-10-1,Vl. Gilda,1
7002-10,USD,7002-10-0,Hosp. Das Clínicas,0
7004-10,USD,7004-10-0,Est. Sto. Amaro/guido Caloi,0
7004-10,USD,7004-10-1,Term. Jd. Jacira,1
7005-10,US_,7005-10-0,Jd. âNgela,0
7005-51,USD,7005-51-0,Metrô Capão Redondo ,0
7005-51,USD,7005-51-1,Jd. Vera Cruz,1
7006-10,USD,7006-10-0,Jd. âNgela,0
7006-51,USD,7006-51-0,Metrô Capão Redondo,0
7006-51,USD,7006-51-1,Jd. Horizonte Azul,1
7009-10,USD,7009-10-0,Jd. âNgela,0
7011-10,USD,7011-10-0,Jd. âNgela,0
7011-31,US_,7011-31-0,Jd. âNgela,0
7012-10,USD,7012-10-0,Term. Guarapiranga,0
7012-10,USD,7012-10-1,Pq. Do Lago,1
7013-10,USD,7013-10-0,Pinheiros,0
7013-10,USD,7013-10-1,Pq. Arariba,1
7016-10,USD,7016-10-0,Term. Sto. Amaro,0
7016-10,USD,7016-10-1,Jd. âNgela,1
7016-21,U__,7016-21-0,Term. Sto. Amaro,0
7017-10,USD,7017-10-0,Term. Guarapiranga,0
7017-10,USD,7017-10-1,Jd. Guarujá,1
701A-10,USD,701A-10-0,Metrô Vl. Madalena,0
701A-10,USD,701A-10-1,Pq. Edu Chaves,1
701H-10,USD,701H-10-0,Circular,0
701U-10,U__,701U-10-0,Cid. Universitária,0
701U-10,U__,701U-10-1,Metrô Santana,1
7021-10,US_,7021-10-0,Term. João Dias,0
7021-10,US_,7021-10-1,Jd. Maracá,1
7022-10,USD,7022-10-0,Term. Sto. Amaro,0
7022-10,USD,7022-10-1,Jd. Caiçara,1
7023-10,USD,7023-10-0,Term. Sto. Amaro,0
7023-10,USD,7023-10-1,Jd. Nakamura,1
702C-10,USD,702C-10-0,Metrô Belém,0
702C-10,USD,702C-10-1,Jd. Bonfiglioli,1
702U-10,USD,702U-10-0,Term. Pq. D. Pedro Ii,0
702U-10,USD,702U-10-1,Cid. Universitária,1
7040-10,USD,7040-10-0,Pinheiros,0
7040-10,USD,7040-10-1,Paraisópolis,1
7040-21,U__,7040-21-0,Pinheiros,0
7049-10,USD,7049-10-0,Term. Campo Limpo,0
7049-10,USD,7049-10-1,Pq. Do Lago,1
7050-10,USD,7050-10-0,Term. Campo Limpo,0
7050-10,USD,7050-10-1,Jd. Das Rosas,1
7051-10,USD,7051-10-0,Term. Campo Limpo,0
7051-10,USD,7051-10-1,Jd. Rosana,1
7052-10,USD,7052-10-0,Term. Campo Limpo,0
7052-10,USD,7052-10-1,Jd. Helga,1
7053-10,USD,7053-10-0,Term. Campo Limpo,0
7053-10,USD,7053-10-1,Jd. Macedônia,1
7053-21,U__,7053-21-0,Term. Campo Limpo,0
7053-21,U__,7053-21-1,Jd. Maria Sampaio,1
7053-22,USD,7053-22-0,Term. Campo Limpo,0
7053-22,USD,7053-22-1,Jd. Maria Sampaio,1
7054-10,US_,7054-10-0,Term. Campo Limpo,0
7054-10,US_,7054-10-1,Jd. Macedônia,1
7055-10,USD,7055-10-0,Term. Campo Limpo,0
7055-10,USD,7055-10-1,Jd. Guarujá,1
7057-10,USD,7057-10-0,Term. Campo Limpo,0
7057-10,USD,7057-10-1,Jd. Mitsutani,1
7059-10,USD,7059-10-0,Term. Campo Limpo,0
7059-10,USD,7059-10-1,Pq. Do Engenho,1
7060-10,USD,7060-10-0,Term. Campo Limpo,0
7060-10,USD,7060-10-1,Valo Velho,1
7062-10,USD,7062-10-0,Term. Campo Limpo,0
7062-10,USD,7062-10-1,Inocoop Campo Limpo,1
7062-31,USD,7062-31-0,Term. Campo Limpo,0
7062-31,USD,7062-31-1,Campo Limpo,1
7062-41,USD,7062-41-0,Horto Do Ypê,0
7063-10,USD,7063-10-0,Term. Campo Limpo,0
7063-10,USD,7063-10-1,Jd. Macedônia,1
707A-10,USD,707A-10-0,Metrô Pça. Da áRvore,0
707A-10,USD,707A-10-1,Jd. âNgela,1
707A-23,U__,707A-23-0,Moema,0
707K-10,USD,707K-10-0,Metrô Jabaquara,0
707K-10,USD,707K-10-1,Term. Guarapiranga,1
709A-10,USD,709A-10-0,Metrô Ana Rosa,0
709A-10,USD,709A-10-1,Term. áGua Espraiada,1
709G-10,U__,709G-10-0,Itaim Bibi,0
709M-10,USD,709M-10-0,Term. Pinheiros,0
709M-10,USD,709M-10-1,Term. Sto. Amaro,1
709P-10,USD,709P-10-0,Term. Pinheiros,0
709P-10,USD,709P-10-1,Est. Sto. Amaro/guido Caloi,1
714C-10,US_,714C-10-0,Paulista,0
715M-10,USD,715M-10-0,Lgo. Da Pólvora,0
715M-10,USD,715M-10-1,Jd. Maria Luiza,1
7181-10,U__,7181-10-0,Term. Princ. Isabel,0
7181-10,U__,7181-10-1,Cid. Universitária,1
719P-10,USD,719P-10-0,Term. Princ. Isabel,0
719P-10,USD,719P-10-1,Term. Pinheiros,1
719R-10,USD,719R-10-0,Metrô Barra Funda,0
719R-10,USD,719R-10-1,Rio Pequeno,1
7245-10,U__,7245-10-0,Hosp. Das Clínicas,0
7245-10,U__,7245-10-1,Term. Sto. Amaro,1
7267-10,USD,7267-10-0,Pça. Ramos De Azevedo,0
7272-10,US_,7272-10-0,Pça. Ramos De Azevedo,0
7281-10,USD,7281-10-0,Pça. Ramos De Azevedo,0
7282-10,US_,7282-10-0,Pça. Ramos De Azevedo,0
736G-10,USD,736G-10-0,Shop. Morumbi,0
736G-10,USD,736G-10-1,Jd. Ingá,1
736I-10,USD,736I-10-0,Sto. Amaro,0
736I-10,USD,736I-10-1,Jd. Ingá,1
736I-21,U__,736I-21-0,Metrô Vl. Das Belezas,0
737A-10,USD,737A-10-0,Term. Sto. Amaro,0
737A-10,USD,737A-10-1,Term. Jd. âNgela,1
7411-10,U__,7411-10-0,Pça. Da Sé,0
7458-10,USD,7458-10-0,Est. Da Luz,0
7458-10,USD,7458-10-1,Jd. Boa Vista,1
745M-10,USD,745M-10-0,Shop. Sp Market,0
745M-10,USD,745M-10-1,Campo Limpo,1
745M-21,U__,745M-21-0,Pq. Figueira Grande,0
746C-10,USD,746C-10-0,Sto. Amaro,0
746C-10,USD,746C-10-1,Jd. Taboão,1
746H-10,USD,746H-10-0,Sto. Amaro,0
746H-10,USD,746H-10-1,Jd. Jaqueline,1
746K-10,USD,746K-10-0,Campo Belo,0
746P-10,USD,746P-10-0,Sto. Amaro,0
746P-10,USD,746P-10-1,Paraisópolis,1
746R-10,USD,746R-10-0,Sto. Amaro,0
746V-10,USD,746V-10-0,Hosp. Campo Limpo,0
748A-10,USD,748A-10-0,Lapa,0
748A-10,USD,748A-10-1,Jd. D'abril,1
748A-41,US_,748A-41-0,Lapa,0
748A-41,US_,748A-41-1,Jd. Peri Peri,1
748R-10,USD,748R-10-0,Metrô Barra Funda,0
748R-10,USD,748R-10-1,Jd. João Xxiii,1
7545-10,USD,7545-10-0,Pça. Ramos De Azevedo,0
7545-10,USD,7545-10-1,Jd. João Xxiii,1
7545-21,U__,7545-21-0,Pça. Ramos De Azevedo,0
7545-21,U__,7545-21-1,Cdhu Butantã,1
7550-10,U__,7550-10-0,Metrô Sta. Cecília,0
7550-10,U__,7550-10-1,Term. Sto. Amaro,1
756A-10,USD,756A-10-0,Term. áGua Espraiada,0
756A-10,USD,756A-10-1,Jd. Paulo Vi,1
771P-10,USD,771P-10-0,Term. Pinheiros,0
7725-10,U__,7725-10-0,Term. Lapa,0
7725-10,U__,7725-10-1,Rio Pequeno,1
775A-10,USD,775A-10-0,Pinheiros,0
775F-10,USD,775F-10-0,Hosp. Das Clínicas,0
775F-31,USD,775F-31-0,Pq. Do Povo,0
775N-10,USD,775N-10-0,Metrô Vl. Madalena,0
775N-10,USD,775N-10-1,Rio Pequeno,1
775P-10,US_,775P-10-0,Metrô Ana Rosa,0
775P-10,US_,775P-10-1,Jd. Guaraú,1
775V-10,USD,775V-10-0,Itaim Bibi,0
778J-10,USD,778J-10-0,Metrô Barra Funda,0
778J-10,USD,778J-10-1,Jd. Arpoador,1
778J-41,US_,778J-41-0,Metrô Barra Funda,0
778J-41,US_,778J-41-1,Cohab Raposo Tavares,1
778R-10,USD,778R-10-0,Term. Princ. Isabel,0
778R-10,USD,778R-10-1,Cohab Raposo Tavares,1
7903-10,USD,7903-10-0,Pça. Ramos De Azevedo,0
8000-1,USD,8000-1-0,Pça. Ramos De Azevedo,0
8000-1,USD,8000-1-1,Term. Lapa,1
8000-10,USD,8000-10-0,Pça. Ramos De Azevedo,0
8000-10,USD,8000-10-1,Term. Lapa,1
8001-10,USD,8001-10-0,Term. Lapa,0
8001-10,USD,8001-10-1,Vl. Piauí,1
8002-10,USD,8002-10-0,Term. Lapa,0
8002-10,USD,8002-10-1,Term. Pirituba,1
8003-10,USD,8003-10-0,Term. Lapa,0
8003-10,USD,8003-10-1,Remédios,1
8004-10,USD,8004-10-0,Term. Lapa,0
8004-10,USD,8004-10-1,Sta. Mônica,1
8006-10,USD,8006-10-0,Term. Pirituba,0
8006-10,USD,8006-10-1,Jd. Donária,1
8007-10,USD,8007-10-0,Term. Pirituba,0
8007-10,USD,8007-10-1,Hab. Turística,1
8008-10,USD,8008-10-0,Term. Pirituba,0
8008-10,USD,8008-10-1,Sta. Mônica,1
8009-10,USD,8009-10-0,Term. Pirituba,0
8009-10,USD,8009-10-1,Cid. D'abril 3ª Gleba,1
8009-31,USD,8009-31-0,Term. Pirituba,0
8009-31,USD,8009-31-1,Cid. D'abril 3ª Gleba,1
8010-10,USD,8010-10-0,Lapa,0
8010-10,USD,8010-10-1,Perus,1
8012-10,USD,8012-10-0,Cid. Universitária,0
8012-10,USD,8012-10-1,Metrô Butantã,1
8013-10,USD,8013-10-0,Lapa,0
8013-10,USD,8013-10-1,Term. Jd. Britania,1
8013-22,U__,8013-22-0,Term. Jd. Britânia,0
8013-41,USD,8013-41-0,Jd. Paineiras,0
8014-10,USD,8014-10-0,Perus,0
8015-10,USD,8015-10-0,Term. Pirituba,0
8015-10,USD,8015-10-1,Cem. De Perus,1
8015-21,U__,8015-21-0,Cptm Perus,0
8015-21,U__,8015-21-1,Cem. De Perus,1
8016-10,USD,8016-10-0,Term. Pirituba,0
8016-10,USD,8016-10-1,Jd. Rincão,1
8017-10,USD,8017-10-0,Term. Pirituba,0
8017-10,USD,8017-10-1,Cptm Vl. Aurora,1
8018-10,USD,8018-10-0,Metrô Morumbi,0
8019-10,US_,8019-10-0,Metrô Butantã,0
8020-10,US_,8020-10-0,Shop. Morumbi,0
8021-10,U__,8021-10-0,Butantã,0
8022-10,USD,8022-10-0,Cid. Universitária,0
8022-10,USD,8022-10-1,Metrô Butantã,1
8023-10,USD,8023-10-0,Term. Morumbi,0
8023-10,USD,8023-10-1,Cdhu Munck,1
8025-10,USD,8025-10-0,Term. Morumbi,0
8025-10,USD,8025-10-1,Jd. Rosa Maria,1
8026-10,USD,8026-10-0,Butantã,0
8027-10,USD,8027-10-0,Butantã,0
8028-10,USD,8028-10-0,Metrô Morumbi,0
8029-10,USD,8029-10-0,Term. Morumbi,0
8029-10,USD,8029-10-1,Shop. Portal,1
8030-10,USD,8030-10-0,Metrô Morumbi,0
8032-10,U__,8032-10-0,Cid. Universitária,0
8038-10,USD,8038-10-0,Lapa,0
8038-10,USD,8038-10-1,Pq. Continental,1
8040-10,USD,8040-10-0,Term. Lapa,0
8040-10,USD,8040-10-1,Sol Nascente,1
8043-10,US_,8043-10-0,Lapa,0
8043-10,US_,8043-10-1,Hab. Turística,1
8047-10,USD,8047-10-0,Lapa,0
8047-10,USD,8047-10-1,Jaraguá,1
8047-41,US_,8047-41-0,Metrô Vl. Madalena,0
8047-41,US_,8047-41-1,Jaraguá,1
8047-51,U__,8047-51-0,Lapa,0
8050-10,USD,8050-10-0,Lapa,0
8050-10,USD,8050-10-1,Pq. Morro Doce,1
8050-21,U__,8050-21-0,Lapa,0
8050-31,US_,8050-31-0,Lapa,0
8050-31,US_,8050-31-1,Pq. Morro Doce,1
8055-10,USD,8055-10-0,Lapa,0
8055-10,USD,8055-10-1,Perus,1
8055-51,USD,8055-51-0,Metrô Barra Funda,0
8055-51,USD,8055-51-1,Perus,1
805L-10,USD,805L-10-0,Aclimação,0
8060-10,USD,8060-10-0,Term. Lapa,0
8060-10,USD,8060-10-1,Vl. Piauí,1
8062-10,USD,8062-10-0,Lapa,0
8065-10,US_,8065-10-0,Lapa,0
8065-10,US_,8065-10-1,Vl. Clarice,1
8072-10,USD,8072-10-0,Metrô Morumbi,0
8073-10,USD,8073-10-0,Term. Morumbi,0
8073-10,USD,8073-10-1,Jd. Guaraú,1
8075-10,U__,8075-10-0,Metrô Butantã,0
8075-10,U__,8075-10-1,Term. Campo Limpo,1
8075-21,USD,8075-21-0,Term. Morumbi,0
8075-21,USD,8075-21-1,Term. Campo Limpo,1
8077-10,U__,8077-10-0,Term. Morumbi,0
8077-10,U__,8077-10-1,Jd. João Xxiii,1
8078-10,USD,8078-10-0,Hosp. Campo Limpo,0
807A-10,USD,807A-10-0,Term. Sto. Amaro,0
807A-10,USD,807A-10-1,Term. Campo Limpo,1
807J-10,US_,807J-10-0,Shop. Morumbi,0
807J-10,US_,807J-10-1,Term. Campo Limpo,1
807M-10,USD,807M-10-0,Shop. Morumbi,0
807M-10,USD,807M-10-1,Term. Campo Limpo,1
807P-10,USD,807P-10-0,Sto. Amaro,0
809A-10,USD,809A-10-0,Term. Pinheiros,0
809A-10,USD,809A-10-1,Jd. D'abril,1
809D-10,USD,809D-10-0,Term. Pinheiros,0
809D-10,USD,809D-10-1,Cohab Educandário,1
809H-10,USD,809H-10-0,Lapa,0
809H-10,USD,809H-10-1,Jd. Boa Vista,1
809J-10,USD,809J-10-0,Metrô Morumbi,0
809L-10,USD,809L-10-0,Lapa,0
809L-10,USD,809L-10-1,Campo Limpo,1
809N-10,US_,809N-10-0,Lapa,0
809N-10,US_,809N-10-1,Vl. Dalva,1
809P-10,USD,809P-10-0,Term. Pinheiros,0
809P-10,USD,809P-10-1,Term. Campo Limpo,1
809R-10,US_,809R-10-0,Term. Pinheiros,0
809T-10,USD,809T-10-0,Lapa,0
809T-10,USD,809T-10-1,Cohab Raposo Tavares,1
809U-10,U__,809U-10-0,Metrô Barra Funda,0
809U-10,U__,809U-10-1,Cid. Universitária,1
809U-21,USD,809U-21-0,Metrô Vila Madalena,0
809U-21,USD,809U-21-1,Metrô Barra Funda,1
809V-10,USD,809V-10-0,Metrô - Trianon - Masp,0
8100-10,USD,8100-10-0,Term. Lapa,0
8100-10,USD,8100-10-1,Term. Pirituba,1
817C-10,USD,817C-10-0,Hosp. Das Clínicas,0
8194-10,USD,8194-10-0,Term. Cachoeirinha,0
8194-10,USD,8194-10-1,Perus,1
8199-10,USD,8199-10-0,Cem. Vl. Nova Cachoeirinha,0
8199-10,USD,8199-10-1,Pirituba,1
819A-10,USD,819A-10-0,Jd. Primavera,0
819A-10,USD,819A-10-1,Cptm Vl. Aurora,1
8200-10,USD,8200-10-0,Term. Lapa,0
8200-10,USD,8200-10-1,Term. Pirituba,1
8215-10,USD,8215-10-0,Pça. Do Correio,0
8215-10,USD,8215-10-1,Jd. Paulistano,1
8252-10,U__,8252-10-0,Lapa,0
8300-1,US_,8300-1-0,Term. Lapa,0
8300-1,US_,8300-1-1,Term. Pirituba,1
8300-10,USD,8300-10-0,Term. Lapa,0
8300-10,USD,8300-10-1,Term. Pirituba,1
8319-10,USD,8319-10-0,Sesc Pompéia,0
8319-21,USD,8319-21-0,Pq. Continental,0
8400-10,USD,8400-10-0,Pça. Ramos De Azevedo,0
8400-10,USD,8400-10-1,Term. Pirituba,1
846M-10,US_,846M-10-0,Term. Pinheiros,0
846M-10,US_,846M-10-1,Vl. Piauí,1
847J-10,US_,847J-10-0,Jaguaré,0
847J-10,US_,847J-10-1,City Jaraguá,1
847P-10,USD,847P-10-0,Vl. Olímpia,0
847P-10,USD,847P-10-1,Term. Pirituba,1
847P-42,US_,847P-42-0,Vl. Olímpia,0
847P-42,US_,847P-42-1,Brasilândia,1
848L-10,USD,848L-10-0,Term. Pirituba,0
848L-10,USD,848L-10-1,Recanto Dos Humildes,1
8500-10,USD,8500-10-0,Metrô Barra Funda,0
8500-10,USD,8500-10-1,Term. Pirituba,1
8528-10,USD,8528-10-0,Pça. Do Correio,0
8528-10,USD,8528-10-1,Jd. Guarani,1
8538-10,U__,8538-10-0,Pça. Do Correio,0
8538-10,U__,8538-10-1,Freguesia Do Ó,1
8542-21,USD,8542-21-0,Term. Lapa,0
8542-21,USD,8542-21-1,Brasilândia,1
8544-10,US_,8544-10-0,Pça. Do Correio,0
8544-10,US_,8544-10-1,Cid. D'abril 3ª Gleba,1
8545-10,USD,8545-10-0,Metrô Barra Funda,0
8545-10,USD,8545-10-1,Penteado,1
8548-10,USD,8548-10-0,Term. Lapa,0
8548-10,USD,8548-10-1,Jd. Dos Cunhas,1
8549-10,USD,8549-10-0,Pça. Do Correio,0
8549-10,USD,8549-10-1,Taipas,1
856R-10,USD,856R-10-0,Socorro,0
856R-10,USD,856R-10-1,Lapa,1
857A-10,USD,857A-10-0,Metrô Sta. Cruz,0
857A-10,USD,857A-10-1,Term. Campo Limpo,1
857C-10,USD,857C-10-0,Metrô Conceição,0
857C-10,USD,857C-10-1,Term. Campo Limpo,1
857P-10,USD,857P-10-0,Paraíso,0
857P-10,USD,857P-10-1,Term. Campo Limpo,1
857R-10,USD,857R-10-0,Aclimação,0
857R-10,USD,857R-10-1,Term. Campo Limpo,1
857R-41,U__,857R-41-0,Ana Rosa,0
8594-10,USD,8594-10-0,Pça. Ramos De Azevedo,0
8594-10,USD,8594-10-1,Cid. D'abril ,1
8594-21,U__,8594-21-0,Pça. Ramos De Azevedo,0
8594-41,U__,8594-41-0,Pça. Ramos De Azevedo,0
8600-10,USD,8600-10-0,Lgo. Do Paissandú,0
8600-10,USD,8600-10-1,Term. Pirituba,1
8600-22,U__,8600-22-0,Lgo. Do Paissandú,0
8605-10,USD,8605-10-0,Term. Bandeira,0
8605-10,USD,8605-10-1,Term. Campo Limpo,1
8610-10,USD,8610-10-0,Term. Bandeira,0
8610-10,USD,8610-10-1,Jd. Paulo Vi,1
8615-10,USD,8615-10-0,Term. Pq. D. Pedro Ii,0
8615-10,USD,8615-10-1,Pq. Da Lapa,1
8622-10,USD,8622-10-0,Pça. Ramos De Azevedo,0
8622-10,USD,8622-10-1,Morro Doce,1
8677-10,USD,8677-10-0,Lgo. Do Paissandú,0
8677-10,USD,8677-10-1,Jd. Líbano,1
8686-10,US_,8686-10-0,Lgo. Do Paissandú,0
8686-10,US_,8686-10-1,Mangalot,1
8700-1,USD,8700-1-0,Pça. Ramos De Azevedo,0
8700-1,USD,8700-1-1,Term. Campo Limpo,1
8700-10,USD,8700-10-0,Pça. Ramos De Azevedo,0
8700-10,USD,8700-10-1,Term. Campo Limpo,1
8700-21,U__,8700-21-0,Pça. Ramos De Azevedo,0
8700-24,U__,8700-24-0,Pça. Ramos De Azevedo,0
8705-10,US_,8705-10-0,Anhangabaú,0
8705-10,US_,8705-10-1,Shop. Continental,1
8707-10,US_,8707-10-0,Term. Princ. Isabel,0
8707-10,US_,8707-10-1,Rio Pequeno,1
874C-10,USD,874C-10-0,Metrô - Trianon - Masp ,0
874T-10,USD,874T-10-0,Lapa,0
874T-10,USD,874T-10-1,Ipiranga,1
875A-10,USD,875A-10-0,Perdizes,0
875A-10,USD,875A-10-1,Aeroporto,1
875C-1,USD,875C-1-0,Metrô Sta. Cruz,0
875C-1,USD,875C-1-1,Term. Lapa,1
875C-10,USD,875C-10-0,Metrô Sta. Cruz,0
875C-10,USD,875C-10-1,Term. Lapa,1
875H-10,USD,875H-10-0,Metrô Vl. Mariana,0
875H-10,USD,875H-10-1,Term. Lapa,1
875P-10,US_,875P-10-0,Metrô Ana Rosa,0
875P-10,US_,875P-10-1,Metrô Barra Funda,1
877T-10,US_,877T-10-0,Metrô Paraíso,0
877T-10,US_,877T-10-1,Vl. Anastácio,1
888P-10,USD,888P-10-0,Cohab Taipas,0
888P-10,USD,888P-10-1,Perus,1
9002-10,USD,9002-10-0,Term. Cachoeirinha,0
9002-10,USD,9002-10-1,Jd. Pery Alto,1
9004-10,USD,9004-10-0,Term. Cachoeirinha,0
9004-10,USD,9004-10-1,Jd. Elisa Maria,1
9005-10,USD,9005-10-0,Term. Cachoeirinha,0
9005-10,USD,9005-10-1,Jd. Princesa,1
9005-41,U__,9005-41-0,Term. Cachoeirinha,0
9005-41,U__,9005-41-1,Jd. Vista Alegre,1
9005-42,U__,9005-42-0,Term. Cachoeirinha,0
9005-42,U__,9005-42-1,Sítio Dos Francos,1
9006-10,USD,9006-10-0,Term. Cachoeirinha,0
9006-10,USD,9006-10-1,Vl. Penteado,1
9008-10,USD,9008-10-0,Term. Cachoeirinha,0
9008-10,USD,9008-10-1,Pq. De Taipas,1
9008-41,U__,9008-41-0,Term. Cachoeirinha,0
9009-10,USD,9009-10-0,Term. Cachoeirinha,0
9009-10,USD,9009-10-1,Cohab Brasilândia,1
9011-10,USD,9011-10-0,Term. Cachoeirinha,0
9011-10,USD,9011-10-1,Cptm Jaraguá,1
9011-21,USD,9011-21-0,City Jaraguá,0
9012-10,US_,9012-10-0,Term. Lapa,0
9012-10,US_,9012-10-1,Itaberaba,1
9014-10,USD,9014-10-0,Term. Lapa,0
9014-10,USD,9014-10-1,Morro Grande,1
9014-42,U__,9014-42-0,Term. Lapa,0
9015-10,USD,9015-10-0,Term. Pirituba,0
9015-10,USD,9015-10-1,Vl. Zatt,1
9018-10,USD,9018-10-0,Term. Pirituba,0
9018-10,USD,9018-10-1,Vl. Mirante,1
9019-10,USD,9019-10-0,Term. Pirituba,0
9019-10,USD,9019-10-1,Jd. Paulistano,1
9020-10,USD,9020-10-0,Term. Pirituba,0
9020-10,USD,9020-10-1,Vl. Mirante,1
9023-10,USD,9023-10-0,Term. Pirituba,0
9023-10,USD,9023-10-1,Pq. De Taipas,1
9032-10,USD,9032-10-0,Term. Cachoeirinha,0
9032-10,USD,9032-10-1,Jd. Damasceno,1
9032-21,U__,9032-21-0,Term. Cachoeirinha,0
9047-10,USD,9047-10-0,Lapa,0
9047-10,USD,9047-10-1,Jd. Paulistano,1
9050-10,USD,9050-10-0,Itaim Bibi,0
9051-10,U__,9051-10-0,Term. Pinheiros,0
9051-10,U__,9051-10-1,Lapa,1
908T-10,US_,908T-10-0,Butantã,0
9090-10,USD,9090-10-0,Term. Casa Verde,0
9090-10,USD,9090-10-1,Pq. Tietê,1
909T-1,U__,909T-1-0,Term. Pq. D. Pedro Ii,0
909T-1,U__,909T-1-1,Term. Pinheiros,1
909T-10,U__,909T-10-0,Term. Pq. D. Pedro Ii,0
909T-10,U__,909T-10-1,Term. Pinheiros,1
9162-10,USD,9162-10-0,Term. Casa Verde,0
9166-10,U__,9166-10-0,Term. Cachoeirinha,0
917H-10,USD,917H-10-0,Metrô Vl. Mariana,0
917H-10,USD,917H-10-1,Term. Pirituba,1
917M-10,US_,917M-10-0,Metrô Ana Rosa,0
917M-10,US_,917M-10-1,Morro Grande,1
917M-31,U__,917M-31-0,Metrô Ana Rosa,0
917M-31,U__,917M-31-1,Morro Grande,1
9181-10,USD,9181-10-0,Lapa,0
9181-10,USD,9181-10-1,Vl. Terezinha,1
9188-10,USD,9188-10-0,Lapa,0
9188-10,USD,9188-10-1,Capela Da Lagoa ,1
9188-42,U__,9188-42-0,Lapa,0
9188-42,U__,9188-42-1,Capela Da Lagoa,1
9191-10,USD,9191-10-0,Bom Retiro,0
9191-10,USD,9191-10-1,Jd. Elisa Maria,1
9191-21,U__,9191-21-0,Bom Retiro,0
9191-21,U__,9191-21-1,Metrô Barra Funda,1
9300-10,USD,9300-10-0,Term. Pq. D. Pedro Ii,0
9300-10,USD,9300-10-1,Term. Casa Verde,1
9301-10,USD,9301-10-0,Pça. Do Correio,0
9301-10,USD,9301-10-1,Term. Casa Verde,1
930P-10,USD,930P-10-0,Term. Pinheiros,0
930P-10,USD,930P-10-1,Term. Pq. D. Pedro Ii,1
9354-10,USD,9354-10-0,Pça. Do Correio,0
9354-10,USD,9354-10-1,Term. Cachoeirinha,1
938C-10,US_,938C-10-0,Term. Princ. Isabel,0
938C-10,US_,938C-10-1,Cohab Taipas,1
938L-10,USD,938L-10-0,Lapa,0
938L-10,USD,938L-10-1,Term. Cachoeirinha,1
938P-10,USD,938P-10-0,Metrô Barra Funda,0
938P-10,USD,938P-10-1,Jd. Tereza,1
938V-10,USD,938V-10-0,Metrô Barra Funda,0
938V-10,USD,938V-10-1,Jd. Vista Alegre,1
948A-10,USD,948A-10-0,Metrô Barra Funda,0
948A-10,USD,948A-10-1,Vl. Zatt,1
9500-10,USD,9500-10-0,Pça. Do Correio,0
9500-10,USD,9500-10-1,Term. Cachoeirinha,1
9501-10,USD,9501-10-0,Lgo. Do Paissandú,0
9501-10,USD,9501-10-1,Term. Cachoeirinha,1
957T-10,USD,957T-10-0,Vl. Olímpia,0
957T-10,USD,957T-10-1,Cohab Taipas,1
958P-10,USD,958P-10-0,Vl. Olímpia,0
958P-10,USD,958P-10-1,Jd. Nardini,1
9653-10,USD,9653-10-0,Pça. Do Correio,0
9653-10,USD,9653-10-1,Pedra Branca,1
967A-10,U__,967A-10-0,Pinheiros,0
967A-10,U__,967A-10-1,Imirim,1
9701-10,U__,9701-10-0,Metrô Barra Funda,0
9717-10,USD,9717-10-0,Metrô Santana,0
9717-10,USD,9717-10-1,Jd. Almanara,1
971A-10,USD,971A-10-0,Shop. D,0
971A-10,USD,971A-10-1,Jd. Primavera,1
971C-10,USD,971C-10-0,Metrô Santana,0
971C-10,USD,971C-10-1,Cohab Brasilândia,1
971D-10,USD,971D-10-0,Shop. Center Norte,0
971D-10,USD,971D-10-1,Jd. Damasceno,1
971M-10,USD,971M-10-0,Metrô Santana,0
971M-10,USD,971M-10-1,Vl. Penteado,1
971R-10,USD,971R-10-0,Metrô Santana,0
971R-10,USD,971R-10-1,Cptm Jaraguá,1
971R-21,U__,971R-21-0,Metrô Santana,0
971R-42,U__,971R-42-0,Metrô Santana,0
971R-42,U__,971R-42-1,Cdhu Voith,1
971R-51,U__,971R-51-0,Metrô Santana,0
971T-10,USD,971T-10-0,Metrô Santana,0
971T-10,USD,971T-10-1,Vl. Sta. Maria,1
971V-10,USD,971V-10-0,Shop. Center Norte,0
971V-10,USD,971V-10-1,Jd. Vista Alegre,1
971X-10,USD,971X-10-0,Metrô Santana,0
971X-10,USD,971X-10-1,Term. Cachoeirinha,1
975A-10,USD,975A-10-0,Metrô Ana Rosa,0
975A-10,USD,975A-10-1,Vl. Brasilândia,1
9784-10,USD,9784-10-0,Metrô Barra Funda,0
9784-10,USD,9784-10-1,Jd. Dos Francos,1
9785-10,USD,9785-10-0,Metrô Barra Funda,0
9785-10,USD,9785-10-1,Vl. Terezinha,1
9785-51,U__,9785-51-0,Term. Cachoeirinha,0
9789-10,USD,9789-10-0,Metrô Barra Funda,0
9789-10,USD,9789-10-1,Jd. Paulistano,1
978A-10,USD,978A-10-0,Metrô Barra Funda,0
978A-10,USD,978A-10-1,Term. Cachoeirinha,1
978J-10,USD,978J-10-0,Term. Princ. Isabel,0
978J-10,USD,978J-10-1,Voith,1
978L-10,USD,978L-10-0,Term. Princ. Isabel,0
978L-10,USD,978L-10-1,Term. Cachoeirinha,1
978T-10,USD,978T-10-0,Metrô Barra Funda,0
978T-10,USD,978T-10-1,Jd. Guarani,1
CPTM L07,USD,CPTM L07-0,JUNDIAI,0
CPTM L07,USD,CPTM L07-1,LUZ,1
CPTM L08,USD,CPTM L08-0,AMADOR BUENO,0
CPTM L08,USD,CPTM L08-1,JULIO PRESTES,1
CPTM L09,USD,CPTM L09-0,GRAJAU,0
CPTM L09,USD,CPTM L09-1,OSASCO,1
CPTM L10,USD,CPTM L10-0,RIO GRANDE DA SERRA,0
CPTM L10,USD,CPTM L10-1,BRÁS,1
CPTM L11,USD,CPTM L11-0,ESTUDANTES,0
CPTM L11,USD,CPTM L11-1,LUZ,1
CPTM L12,USD,CPTM L12-0,CALMON VIANA,0
CPTM L12,USD,CPTM L12-1,BRAS,1
CPTM L13,USD,CPTM L13-0,AEROPORTO DE GUARULHOS,0
CPTM L13,USD,CPTM L13-1,ENGENHEIRO GOULART,1
METRÔ 15,USD,METRÔ 15-0,ORATÓRIO,0
METRÔ 15,USD,METRÔ 15-1,SÃO MATEUS,1
METRÔ L1,USD,METRÔ L1-0,TUCURUVI,0
METRÔ L1,USD,METRÔ L1-1,JABAQUARA,1
METRÔ L2,USD,METRÔ L2-0,VILA MADALENA,0
METRÔ L2,USD,METRÔ L2-1,VILA PRUDENTE,1
METRÔ L3,USD,METRÔ L3-0,CORINTHIANS - ITAQUERA,0
METRÔ L3,USD,METRÔ L3-1,PALMEIRAS - BARRA FUNDA,1
METRÔ L4,USD,METRÔ L4-0,SÃO PAULO - MORUMBI,0
METRÔ L4,USD,METRÔ L4-1,LUZ,1
METRÔ L5,USD,METRÔ L5-0,CAPAO REDONDO,0
METRÔ L5,USD,METRÔ L5-1,CHÁCARA KLABIN,1
N101-11,USD,N101-11-0,Term. Pq. D. Pedro Ii,0
N101-11,USD,N101-11-1,Term. Lapa,1
N102-11,USD,N102-11-0,Term. Pq. D. Pedro Ii,0
N102-11,USD,N102-11-1,Term. Lapa,1
N103-11,USD,N103-11-0,Term. Lapa,0
N103-11,USD,N103-11-1,Term. Pirituba,1
N104-11,USD,N104-11-0,Term. Lapa,0
N104-11,USD,N104-11-1,Term. Pirituba,1
N105-11,USD,N105-11-0,Term. Lapa,0
N105-11,USD,N105-11-1,Term. Cachoeirinha,1
N106-11,USD,N106-11-0,Metrô Barra Funda,0
N106-11,USD,N106-11-1,Term. Pq. D. Pedro Ii,1
N131-11,USD,N131-11-0,Vl. Piauí,0
N132-11,USD,N132-11-0,Pq. São Domingos,0
N133-11,USD,N133-11-0,Cid. D’abril 3ª Gleba,0
N134-11,USD,N134-11-0,Taipas,0
N135-11,USD,N135-11-0,Jd. Donária,0
N136-11,USD,N136-11-0,Morro Doce,0
N137-11,USD,N137-11-0,Perus,0
N138-11,USD,N138-11-0,Jd. Princesa,0
N139-11,USD,N139-11-0,Jd. Paulistano,0
N140-11,USD,N140-11-0,Vl. Mirante,0
N141-11,USD,N141-11-0,Jd. Carombé,0
N142-11,USD,N142-11-0,Term. Casa Verde,0
N143-11,USD,N143-11-0,Morro Grande,0
N201-11,USD,N201-11-0,Term. Pq. D. Pedro Ii,0
N201-11,USD,N201-11-1,Metrô Tucuruvi,1
N202-11,USD,N202-11-0,Term. Pinheiros,0
N202-11,USD,N202-11-1,Metrô Santana,1
N203-11,USD,N203-11-0,Term. Pq. D. Pedro Ii,0
N203-11,USD,N203-11-1,Metrô Tucuruvi,1
N204-11,USD,N204-11-0,Term. Pq. D. Pedro Ii,0
N204-11,USD,N204-11-1,Metrô Tucuruvi,1
N205-11,USD,N205-11-0,Term. Pinheiros,0
N205-11,USD,N205-11-1,Term. Cachoeirinha,1
N206-11,USD,N206-11-0,Metrô Vl. Madalena,0
N206-11,USD,N206-11-1,Metrô Santana,1
N207-11,USD,N207-11-0,Term. Pq. D. Pedro Ii,0
N207-11,USD,N207-11-1,Term. Casa Verde,1
N209-11,USD,N209-11-0,Metrô Santana,0
N209-11,USD,N209-11-1,Term. Cachoeirinha,1
N231-11,USD,N231-11-0,Pedra Branca,0
N232-11,USD,N232-11-0,Pq. Novo Mundo,0
N233-11,USD,N233-11-0,Vl. Sabrina,0
N234-11,USD,N234-11-0,Lgo. Do Pery,0
N235-11,USD,N235-11-0,Pedra Branca,0
N236-11,USD,N236-11-0,Jd. Antártica,0
N237-11,USD,N237-11-0,Pq. Edu Chaves,0
N238-11,USD,N238-11-0,Cem. Pq. Dos Pinheiros,0
N239-11,USD,N239-11-0,Vl. Nova Galvão,0
N240-11,USD,N240-11-0,Cachoeira,0
N241-11,USD,N241-11-0,Vl. Albertina,0
N242-11,USD,N242-11-0,Jd. Campo Limpo,0
N243-11,USD,N243-11-0,Jd. Brasil,0
N244-11,USD,N244-11-0,Jd. Flôr De Maio,0
N245-11,USD,N245-11-0,Jd. Pery Alto,0
N301-11,USD,N301-11-0,Term. Pq. D. Pedro Ii,0
N301-11,USD,N301-11-1,Term. A. E. Carvalho,1
N302-11,USD,N302-11-0,Term. Pq. D. Pedro Ii,0
N302-11,USD,N302-11-1,Term. A. E. Carvalho,1
N303-11,USD,N303-11-0,Term. Aricanduva,0
N303-11,USD,N303-11-1,Term. A. E. Carvalho,1
N304-11,USD,N304-11-0,Term. Aricanduva,0
N304-11,USD,N304-11-1,Term. São Miguel,1
N305-11,USD,N305-11-0,Cptm Guaianazes,0
N305-11,USD,N305-11-1,Term. São Miguel,1
N306-11,USD,N306-11-0,Metrô Itaquera,0
N306-11,USD,N306-11-1,Term. São Miguel,1
N307-11,USD,N307-11-0,Term. Pinheiros,0
N307-11,USD,N307-11-1,Term. Pq. D. Pedro Ii,1
N308-11,USD,N308-11-0,Term. Pq. D. Pedro Ii,0
N308-11,USD,N308-11-1,Metrô Itaquera,1
N331-11,USD,N331-11-0,Oliveirinha,0
N332-11,USD,N332-11-0,Vl. Cisper (cptm Usp),0
N333-11,USD,N333-11-0,Cid. Kemel,0
N334-11,USD,N334-11-0,Cptm Guaianazes,0
N335-11,USD,N335-11-0,Ermelino Matarazzo,0
N336-11,USD,N336-11-0,Jd. Camargo Velho,0
N337-11,USD,N337-11-0,Jd. Camargo Velho,0
N339-11,USD,N339-11-0,Artur Alvim,0
N340-11,USD,N340-11-0,Jd. Sto. Antônio,0
N341-11,USD,N341-11-0,Vl. Cisper (cptm Usp),0
N342-11,USD,N342-11-0,Jd. Danfer,0
N343-11,USD,N343-11-0,Metrô Itaquera,0
N344-11,USD,N344-11-0,Vl. Cisper,0
N401-11,USD,N401-11-0,Term. Pq. D. Pedro Ii,0
N401-11,USD,N401-11-1,Term. Vl. Carrão,1
N402-11,USD,N402-11-0,Term. Vl. Carrão,0
N402-11,USD,N402-11-1,Metrô Itaquera,1
N403-11,USD,N403-11-0,Metrô Itaquera,0
N403-11,USD,N403-11-1,Term. Cid. Tiradentes,1
N404-11,USD,N404-11-0,Term. Penha,0
N404-11,USD,N404-11-1,Term. São Mateus,1
N405-11,USD,N405-11-0,Metrô Itaquera,0
N405-11,USD,N405-11-1,Term. Vl. Carrão,1
N406-11,USD,N406-11-0,Term. São Mateus,0
N406-11,USD,N406-11-1,Term. Cid. Tiradentes,1
N407-11,USD,N407-11-0,Metrô Belém,0
N407-11,USD,N407-11-1,Term. Vl. Carrão,1
N431-11,USD,N431-11-0,Jd. Limoeiro,0
N432-11,USD,N432-11-0,Jd. Sto. André,0
N433-11,USD,N433-11-0,Metrô Belém,0
N433-11,USD,N433-11-1,Term. Vl. Carrão,1
N434-11,USD,N434-11-0,Jd. Iv Centenário,0
N435-11,USD,N435-11-0,Metalúrgicos,0
N436-11,USD,N436-11-0,Barro Branco,0
N437-11,USD,N437-11-0,Term. Cid. Tiradentes,0
N438-11,USD,N438-11-0,Hosp. Sta. Marcelina,0
N439-11,USD,N439-11-0,Cohab Fazenda Do Carmo,0
N440-11,USD,N440-11-0,Savoy/dalila,0
N441-11,USD,N441-11-0,Vl. Yolanda,0
N501-11,USD,N501-11-0,Term. Pq. D. Pedro Ii,0
N501-11,USD,N501-11-1,Term. São Mateus,1
N502-11,USD,N502-11-0,Term. Pq. D. Pedro Ii,0
N502-11,USD,N502-11-1,Term. Sacomã,1
N503-11,USD,N503-11-0,Term. Pq. D. Pedro Ii,0
N503-11,USD,N503-11-1,Term. São Mateus,1
N504-11,USD,N504-11-0,Term. Pq. D. Pedro Ii,0
N504-11,USD,N504-11-1,Term. Vl. Prudente,1
N505-11,USD,N505-11-0,Term. Pinheiros,0
N505-11,USD,N505-11-1,Term. Sacomã,1
N506-11,USD,N506-11-0,Metrô Vl. Madalena,0
N506-11,USD,N506-11-1,Term. Sacomã,1
N507-11,USD,N507-11-0,Metrô Santana,0
N507-11,USD,N507-11-1,Term. Vl. Prudente,1
N508-11,USD,N508-11-0,Term. Pq. D. Pedro Ii,0
N508-11,USD,N508-11-1,Term. Sacomã,1
N531-11,USD,N531-11-0,Term. Vl. Prudente,0
N532-11,USD,N532-11-0,Hosp. São Mateus,0
N533-11,USD,N533-11-0,Jd. Planalto,0
N534-11,USD,N534-11-0,Vl. Arapuá,0
N535-11,USD,N535-11-0,Jd. Celeste,0
N536-11,USD,N536-11-0,Jd. Itápolis,0
N537-11,USD,N537-11-0,Term. Vl. Prudente,0
N538-11,USD,N538-11-0,Jd. Celeste,0
N539-11,USD,N539-11-0,Hosp. Heliópolis,0
N540-11,USD,N540-11-0,Jd. São Roberto,0
N601-11,USD,N601-11-0,Term. Pq. D. Pedro Ii,0
N601-11,USD,N601-11-1,Term. Grajaú,1
N602-11,USD,N602-11-0,Term. Sto. Amaro,0
N603-11,USD,N603-11-0,Term. Pinheiros,0
N603-11,USD,N603-11-1,Metrô Jabaquara,1
N604-11,USD,N604-11-0,Term. Pq. D. Pedro Ii,0
N604-11,USD,N604-11-1,Metrô Jabaquara,1
N631-11,USD,N631-11-0,Term. Sto. Amaro,0
N631-11,USD,N631-11-1,Term. Grajaú,1
N632-11,USD,N632-11-0,Term. Sto. Amaro,0
N632-11,USD,N632-11-1,Term. Grajaú,1
N633-11,USD,N633-11-0,Morumbi Shop.,0
N634-11,USD,N634-11-0,Jd. Luso,0
N635-11,USD,N635-11-0,Jd. Gaivotas,0
N636-11,USD,N636-11-0,Jd. Noronha,0
N637-11,USD,N637-11-0,Vl. Missionária,0
N638-11,USD,N638-11-0,Unisa,0
N639-11,USD,N639-11-0,Vargem Grande,0
N640-11,USD,N640-11-0,Eldorado,0
N701-11,USD,N701-11-0,Term. Pq. D. Pedro Ii,0
N701-11,USD,N701-11-1,Term. Sto. Amaro,1
N702-11,USD,N702-11-0,Term. Pq. D. Pedro Ii,0
N702-11,USD,N702-11-1,Term. Sto. Amaro,1
N703-11,USD,N703-11-0,Term. Sto. Amaro,0
N703-11,USD,N703-11-1,Term. Jd. âNgela,1
N704-11,USD,N704-11-0,Term. Sto. Amaro,0
N704-11,USD,N704-11-1,Term. Capelinha,1
N705-11,USD,N705-11-0,Term. Pinheiros,0
N705-11,USD,N705-11-1,Term. Sto. Amaro,1
N706-11,USD,N706-11-0,Term. Pinheiros,0
N706-11,USD,N706-11-1,Term. Campo Limpo,1
N731-11,USD,N731-11-0,Term. Sto. Amaro,0
N731-11,USD,N731-11-1,Term. Capelinha,1
N732-11,USD,N732-11-0,Term. Jd. Jacira,0
N733-11,USD,N733-11-0,Vl. Gilda,0
N734-11,USD,N734-11-0,Valo Velho,0
N735-11,USD,N735-11-0,Jd. Guarujá,0
N736-11,USD,N736-11-0,Jd. Horizonte Azul,0
N737-11,USD,N737-11-0,Pq. Do Lago,0
N738-11,USD,N738-11-0,Pq. Do Lago,0
N739-11,USD,N739-11-0,Jd. Universal,0
N740-11,USD,N740-11-0,Jd. Riviera,0
N741-11,USD,N741-11-0,Valo Velho,0
N742-11,USD,N742-11-0,Term. Pinheiros,0
N742-11,USD,N742-11-1,Term. João Dias,1
N743-11,USD,N743-11-0,Jd. Planalto,0
N744-11,USD,N744-11-0,Jd. Vaz De Lima,0
N745-11,USD,N745-11-0,Term. Campo Limpo,0
N745-11,USD,N745-11-1,Term. Capelinha,1
N746-11,USD,N746-11-0,Jd. Irene,0
N801-11,USD,N801-11-0,Term. Pq. D. Pedro Ii,0
N801-11,USD,N801-11-1,Metrô Butantã,1
N802-11,USD,N802-11-0,Term. Pq. D. Pedro Ii,0
N802-11,USD,N802-11-1,Term. Pinheiros,1
N831-11,USD,N831-11-0,Pq. Da Lapa,0
N832-11,USD,N832-11-0,Pq. Continental,0
N833-11,USD,N833-11-0,Ceasa,0
N834-11,USD,N834-11-0,Term. Pinheiros,0
N835-11,USD,N835-11-0,Jd. João Xxiii,0
N836-11,USD,N836-11-0,Pq. Continental,0
N837-11,USD,N837-11-0,Cdhu Butantã,0
N838-11,USD,N838-11-0,Cptm Leopoldina,0
N839-11,USD,N839-11-0,Metrô Vl. Mariana,0
N840-11,USD,N840-11-0,Sta. Cecília,0
N841-11,USD,N841-11-0,Sta. Cecília,0
N842-11,USD,N842-11-0,Cohab Raposo Tavares,0
N843-11,USD,N843-11-0,Pq. Arariba,0